ID	%Miss	inferred_cluster_1	inferred_cluster_2	replication
NP025001	(0)	0.997	0.003	1
NP025002	(0)	0.987	0.013	1
NP025003	(0)	0.992	0.008	1
NP025004	(0)	0.990	0.010	1
NP025005	(0)	0.994	0.006	1
NP025006	(0)	0.995	0.005	1
NP025007	(0)	0.997	0.003	1
NP025008	(0)	0.992	0.008	1
NP025009	(0)	0.997	0.003	1
NP025010	(0)	0.994	0.006	1
NP025011	(0)	0.975	0.025	1
NP025012	(0)	0.994	0.006	1
NP025013	(0)	0.983	0.017	1
NP025014	(0)	0.988	0.012	1
NP961862	(5)	0.991	0.009	1
NP965791	(0)	0.974	0.026	1
NP965819	(0)	0.952	0.048	1
NP965820	(0)	0.995	0.005	1
NP965821	(0)	0.995	0.005	1
NP965824	(5)	0.838	0.162	1
NP966224	(11)	0.994	0.006	1
NP966248	(0)	0.992	0.008	1
NP966249	(0)	0.906	0.094	1
NP966253	(11)	0.971	0.029	1
NP966254	(0)	0.964	0.036	1
SC005129	(0)	0.016	0.984	1
SC005133	(0)	0.002	0.998	1
SC005134	(11)	0.227	0.773	1
SC005137	(0)	0.005	0.995	1
SC005138	(0)	0.009	0.991	1
SC005139	(0)	0.001	0.999	1
SC005141	(0)	0.001	0.999	1
SC005142	(0)	0.003	0.997	1
SC005143	(0)	0.001	0.999	1
SC005144	(0)	0.039	0.961	1
SC005145	(0)	0.002	0.998	1
SC005146	(0)	0.002	0.998	1
SC005149	(0)	0.001	0.999	1
SC005150	(0)	0.372	0.628	1
SC005151	(0)	0.001	0.999	1
SC005152	(0)	0.001	0.999	1
SC005156	(0)	0.001	0.999	1
SC005159	(0)	0.001	0.999	1
SC005161	(0)	0.001	0.999	1
SC005167	(0)	0.001	0.999	1
SC005173	(0)	0.001	0.999	1
SC015174	(0)	0.002	0.998	1
SC015175	(0)	0.833	0.167	1
SC015177	(0)	0.002	0.998	1
SC015179	(0)	0.002	0.998	1
SC015181	(0)	0.001	0.999	1
SC015191	(0)	0.002	0.998	1
SC025195	(0)	0.001	0.999	1
SC025196	(0)	0.015	0.985	1
SC030199	(0)	0.011	0.989	1
SC030200	(0)	0.002	0.998	1
SC030202	(0)	0.002	0.998	1
SC030203	(0)	0.001	0.999	1
SC030204	(0)	0.001	0.999	1
SC030207	(0)	0.002	0.998	1
SC030208	(0)	0.001	0.999	1
SC030210	(0)	0.020	0.980	1
SC040212	(0)	0.001	0.999	1
SC040214	(0)	0.001	0.999	1
SC040215	(0)	0.002	0.998	1
SC040219	(0)	0.001	0.999	1
SC040222	(0)	0.001	0.999	1
SC040223	(0)	0.001	0.999	1
SC040224	(0)	0.009	0.991	1
SC040226	(0)	0.002	0.998	1
SC040227	(0)	0.001	0.999	1
SC040228	(0)	0.002	0.998	1
SC040229	(0)	0.001	0.999	1
SC040231	(0)	0.002	0.998	1
SC040232	(0)	0.001	0.999	1
SC040233	(0)	0.001	0.999	1
SC040236	(0)	0.001	0.999	1
SC040237	(0)	0.002	0.998	1
SC040238	(0)	0.002	0.998	1
SC040239	(0)	0.011	0.989	1
SC040240	(0)	0.001	0.999	1
SC040241	(0)	0.002	0.998	1
SC040242	(0)	0.002	0.998	1
SC040247	(0)	0.001	0.999	1
SC040249	(0)	0.005	0.995	1
SC040251	(0)	0.001	0.999	1
SC040254	(0)	0.005	0.995	1
SC040255	(0)	0.018	0.982	1
SC040256	(0)	0.002	0.998	1
SC040258	(0)	0.010	0.990	1
SC040259	(0)	0.001	0.999	1
SC040262	(0)	0.002	0.998	1
SC040263	(0)	0.001	0.999	1
SC040265	(0)	0.007	0.993	1
SC040266	(0)	0.001	0.999	1
SC040267	(0)	0.002	0.998	1
SC040268	(0)	0.002	0.998	1
SC040269	(0)	0.001	0.999	1
SC040270	(0)	0.002	0.998	1
SC040271	(0)	0.001	0.999	1
SC040272	(0)	0.002	0.998	1
SC040273	(0)	0.001	0.999	1
SC040274	(0)	0.001	0.999	1
SC040275	(0)	0.206	0.794	1
SC040277	(0)	0.014	0.986	1
SC040278	(0)	0.001	0.999	1
SC040279	(0)	0.002	0.998	1
SC040281	(0)	0.003	0.997	1
SC040282	(0)	0.001	0.999	1
SC040283	(0)	0.001	0.999	1
SC040284	(0)	0.026	0.974	1
SC040285	(0)	0.002	0.998	1
SC040286	(0)	0.002	0.998	1
SC040288	(0)	0.001	0.999	1
SC040289	(0)	0.002	0.998	1
SC040292	(0)	0.001	0.999	1
SC040294	(0)	0.001	0.999	1
SC040295	(0)	0.017	0.983	1
SC040296	(0)	0.002	0.998	1
SC040297	(0)	0.001	0.999	1
SC040300	(0)	0.002	0.998	1
SC040301	(0)	0.001	0.999	1
SC040302	(0)	0.001	0.999	1
SC040303	(0)	0.002	0.998	1
SC040304	(0)	0.002	0.998	1
SC040305	(0)	0.001	0.999	1
SC040307	(0)	0.001	0.999	1
SC040308	(0)	0.001	0.999	1
SC040309	(0)	0.002	0.998	1
SC040311	(0)	0.002	0.998	1
SC040312	(0)	0.001	0.999	1
SC040313	(0)	0.002	0.998	1
SC040314	(0)	0.001	0.999	1
SC040316	(0)	0.003	0.997	1
SC040317	(0)	0.002	0.998	1
SC040318	(0)	0.001	0.999	1
SC040319	(0)	0.001	0.999	1
SC040320	(0)	0.001	0.999	1
SC040321	(0)	0.006	0.994	1
SC040322	(0)	0.003	0.997	1
SC040323	(0)	0.001	0.999	1
SC040325	(0)	0.001	0.999	1
SC040327	(0)	0.002	0.998	1
SC040330	(0)	0.002	0.998	1
SC040331	(0)	0.001	0.999	1
SC040332	(0)	0.001	0.999	1
SC040334	(0)	0.001	0.999	1
SC040337	(0)	0.001	0.999	1
SC040338	(0)	0.002	0.998	1
SC040339	(0)	0.007	0.993	1
SC040340	(0)	0.002	0.998	1
SC040341	(0)	0.001	0.999	1
SC040344	(0)	0.001	0.999	1
SC040346	(0)	0.001	0.999	1
SC040348	(0)	0.001	0.999	1
SC040352	(0)	0.001	0.999	1
SC040353	(0)	0.001	0.999	1
SC040354	(0)	0.047	0.953	1
SC040355	(0)	0.001	0.999	1
SC040356	(0)	0.028	0.972	1
SC040358	(0)	0.002	0.998	1
SC040359	(0)	0.033	0.967	1
SC040360	(0)	0.002	0.998	1
SC040361	(0)	0.001	0.999	1
SC040362	(0)	0.003	0.997	1
SC040363	(0)	0.001	0.999	1
SC040365	(0)	0.002	0.998	1
SC040366	(0)	0.002	0.998	1
SC040368	(0)	0.012	0.988	1
SC930501	(0)	0.002	0.998	1
SC930502	(0)	0.002	0.998	1
SC930507	(0)	0.001	0.999	1
SC930508	(0)	0.002	0.998	1
SC930510	(0)	0.001	0.999	1
SC930511	(0)	0.001	0.999	1
SC930513	(0)	0.003	0.997	1
SC930514	(0)	0.002	0.998	1
SC930516	(0)	0.001	0.999	1
SC930517	(0)	0.001	0.999	1
SC930518	(0)	0.001	0.999	1
SC930519	(0)	0.001	0.999	1
SC930522	(0)	0.279	0.721	1
SC930524	(0)	0.001	0.999	1
SC930525	(0)	0.002	0.998	1
SC930526	(5)	0.026	0.974	1
SC930527	(0)	0.001	0.999	1
SC940529	(0)	0.007	0.993	1
SC940530	(0)	0.001	0.999	1
SC940531	(0)	0.004	0.996	1
SC940532	(0)	0.001	0.999	1
SC940533	(0)	0.001	0.999	1
SC940535	(0)	0.002	0.998	1
SC940536	(0)	0.002	0.998	1
SC940537	(0)	0.001	0.999	1
SC940538	(0)	0.003	0.997	1
SC940539	(0)	0.002	0.998	1
SC940540	(0)	0.002	0.998	1
SC940541	(0)	0.001	0.999	1
SC940543	(0)	0.217	0.783	1
SC940544	(0)	0.001	0.999	1
SC940545	(0)	0.001	0.999	1
SC940546	(0)	0.002	0.998	1
SC940547	(0)	0.003	0.997	1
SC940548	(0)	0.010	0.990	1
SC940549	(0)	0.001	0.999	1
SC940551	(0)	0.001	0.999	1
SC940552	(0)	0.004	0.996	1
SC940553	(0)	0.002	0.998	1
SC940554	(0)	0.001	0.999	1
SC940555	(0)	0.001	0.999	1
SC940556	(0)	0.001	0.999	1
SC940558	(0)	0.002	0.998	1
SC940559	(0)	0.002	0.998	1
SC940560	(0)	0.312	0.688	1
SC940561	(0)	0.007	0.993	1
SC940564	(0)	0.001	0.999	1
SC940565	(0)	0.008	0.992	1
SC940566	(0)	0.007	0.993	1
SC940568	(0)	0.001	0.999	1
SC940570	(0)	0.002	0.998	1
SC940572	(0)	0.001	0.999	1
SC940573	(0)	0.003	0.997	1
SC940574	(0)	0.001	0.999	1
SC940577	(0)	0.004	0.996	1
SC940579	(0)	0.007	0.993	1
SC955052	(0)	0.011	0.989	1
SC955054	(5)	0.002	0.998	1
SC955055	(5)	0.002	0.998	1
SC955057	(11)	0.011	0.989	1
SC955058	(5)	0.002	0.998	1
SC955059	(0)	0.002	0.998	1
SC955060	(0)	0.001	0.999	1
SC955061	(0)	0.003	0.997	1
SC955062	(5)	0.001	0.999	1
SC955063	(5)	0.001	0.999	1
SC955064	(0)	0.001	0.999	1
SC955065	(0)	0.004	0.996	1
SC955066	(5)	0.002	0.998	1
SC955069	(16)	0.002	0.998	1
SC975071	(0)	0.002	0.998	1
SC975072	(0)	0.002	0.998	1
SC985074	(0)	0.001	0.999	1
SC985076	(0)	0.002	0.998	1
SC985077	(0)	0.001	0.999	1
SC985078	(0)	0.004	0.996	1
SC985079	(0)	0.009	0.991	1
SC985080	(0)	0.002	0.998	1
SC985081	(0)	0.002	0.998	1
SC985082	(0)	0.003	0.997	1
SC985083	(0)	0.002	0.998	1
SC985084	(0)	0.003	0.997	1
SC985085	(0)	0.002	0.998	1
SC985086	(0)	0.001	0.999	1
SC985088	(0)	0.004	0.996	1
SC985089	(0)	0.217	0.783	1
SC985091	(0)	0.001	0.999	1
SC985092	(0)	0.002	0.998	1
SC985093	(0)	0.001	0.999	1
SC985095	(0)	0.134	0.866	1
SC985096	(0)	0.002	0.998	1
SC985097	(0)	0.001	0.999	1
SC985098	(0)	0.001	0.999	1
SC985099	(0)	0.002	0.998	1
SC985100	(0)	0.005	0.995	1
SC985101	(0)	0.026	0.974	1
SC985102	(0)	0.002	0.998	1
SC985103	(0)	0.001	0.999	1
SC985105	(0)	0.039	0.961	1
SC985107	(0)	0.001	0.999	1
SC995108	(0)	0.024	0.976	1
SC995109	(0)	0.004	0.996	1
SC995110	(0)	0.003	0.997	1
SC995111	(0)	0.003	0.997	1
SC995112	(0)	0.001	0.999	1
SC995114	(0)	0.001	0.999	1
SC995115	(0)	0.002	0.998	1
SC995116	(0)	0.002	0.998	1
SC995117	(0)	0.001	0.999	1
SC995118	(0)	0.002	0.998	1
SC995119	(0)	0.006	0.994	1
SC995120	(0)	0.002	0.998	1
SC995121	(0)	0.001	0.999	1
SC995123	(0)	0.001	0.999	1
SC995126	(0)	0.001	0.999	1
NP025001	(0)	0.997	0.003	2
NP025002	(0)	0.987	0.013	2
NP025003	(0)	0.992	0.008	2
NP025004	(0)	0.990	0.010	2
NP025005	(0)	0.994	0.006	2
NP025006	(0)	0.995	0.005	2
NP025007	(0)	0.996	0.004	2
NP025008	(0)	0.991	0.009	2
NP025009	(0)	0.996	0.004	2
NP025010	(0)	0.993	0.007	2
NP025011	(0)	0.973	0.027	2
NP025012	(0)	0.994	0.006	2
NP025013	(0)	0.981	0.019	2
NP025014	(0)	0.987	0.013	2
NP961862	(5)	0.991	0.009	2
NP965791	(0)	0.976	0.024	2
NP965819	(0)	0.954	0.046	2
NP965820	(0)	0.994	0.006	2
NP965821	(0)	0.994	0.006	2
NP965824	(5)	0.858	0.142	2
NP966224	(11)	0.994	0.006	2
NP966248	(0)	0.993	0.007	2
NP966249	(0)	0.909	0.091	2
NP966253	(11)	0.971	0.029	2
NP966254	(0)	0.960	0.040	2
SC005129	(0)	0.019	0.981	2
SC005133	(0)	0.003	0.997	2
SC005134	(11)	0.226	0.774	2
SC005137	(0)	0.006	0.994	2
SC005138	(0)	0.010	0.990	2
SC005139	(0)	0.002	0.998	2
SC005141	(0)	0.002	0.998	2
SC005142	(0)	0.004	0.996	2
SC005143	(0)	0.001	0.999	2
SC005144	(0)	0.048	0.952	2
SC005145	(0)	0.002	0.998	2
SC005146	(0)	0.002	0.998	2
SC005149	(0)	0.002	0.998	2
SC005150	(0)	0.366	0.634	2
SC005151	(0)	0.002	0.998	2
SC005152	(0)	0.002	0.998	2
SC005156	(0)	0.002	0.998	2
SC005159	(0)	0.002	0.998	2
SC005161	(0)	0.001	0.999	2
SC005167	(0)	0.002	0.998	2
SC005173	(0)	0.001	0.999	2
SC015174	(0)	0.003	0.997	2
SC015175	(0)	0.810	0.190	2
SC015177	(0)	0.003	0.997	2
SC015179	(0)	0.003	0.997	2
SC015181	(0)	0.002	0.998	2
SC015191	(0)	0.002	0.998	2
SC025195	(0)	0.002	0.998	2
SC025196	(0)	0.019	0.981	2
SC030199	(0)	0.013	0.987	2
SC030200	(0)	0.003	0.997	2
SC030202	(0)	0.002	0.998	2
SC030203	(0)	0.002	0.998	2
SC030204	(0)	0.002	0.998	2
SC030207	(0)	0.003	0.997	2
SC030208	(0)	0.001	0.999	2
SC030210	(0)	0.025	0.975	2
SC040212	(0)	0.002	0.998	2
SC040214	(0)	0.002	0.998	2
SC040215	(0)	0.002	0.998	2
SC040219	(0)	0.002	0.998	2
SC040222	(0)	0.002	0.998	2
SC040223	(0)	0.002	0.998	2
SC040224	(0)	0.012	0.988	2
SC040226	(0)	0.002	0.998	2
SC040227	(0)	0.002	0.998	2
SC040228	(0)	0.002	0.998	2
SC040229	(0)	0.002	0.998	2
SC040231	(0)	0.002	0.998	2
SC040232	(0)	0.002	0.998	2
SC040233	(0)	0.002	0.998	2
SC040236	(0)	0.002	0.998	2
SC040237	(0)	0.002	0.998	2
SC040238	(0)	0.003	0.997	2
SC040239	(0)	0.013	0.987	2
SC040240	(0)	0.002	0.998	2
SC040241	(0)	0.002	0.998	2
SC040242	(0)	0.002	0.998	2
SC040247	(0)	0.002	0.998	2
SC040249	(0)	0.006	0.994	2
SC040251	(0)	0.002	0.998	2
SC040254	(0)	0.007	0.993	2
SC040255	(0)	0.026	0.974	2
SC040256	(0)	0.003	0.997	2
SC040258	(0)	0.012	0.988	2
SC040259	(0)	0.001	0.999	2
SC040262	(0)	0.003	0.997	2
SC040263	(0)	0.002	0.998	2
SC040265	(0)	0.009	0.991	2
SC040266	(0)	0.001	0.999	2
SC040267	(0)	0.002	0.998	2
SC040268	(0)	0.002	0.998	2
SC040269	(0)	0.001	0.999	2
SC040270	(0)	0.002	0.998	2
SC040271	(0)	0.002	0.998	2
SC040272	(0)	0.003	0.997	2
SC040273	(0)	0.002	0.998	2
SC040274	(0)	0.002	0.998	2
SC040275	(0)	0.204	0.796	2
SC040277	(0)	0.015	0.985	2
SC040278	(0)	0.002	0.998	2
SC040279	(0)	0.002	0.998	2
SC040281	(0)	0.003	0.997	2
SC040282	(0)	0.002	0.998	2
SC040283	(0)	0.001	0.999	2
SC040284	(0)	0.028	0.972	2
SC040285	(0)	0.002	0.998	2
SC040286	(0)	0.002	0.998	2
SC040288	(0)	0.002	0.998	2
SC040289	(0)	0.003	0.997	2
SC040292	(0)	0.001	0.999	2
SC040294	(0)	0.002	0.998	2
SC040295	(0)	0.021	0.979	2
SC040296	(0)	0.002	0.998	2
SC040297	(0)	0.002	0.998	2
SC040300	(0)	0.003	0.997	2
SC040301	(0)	0.002	0.998	2
SC040302	(0)	0.002	0.998	2
SC040303	(0)	0.002	0.998	2
SC040304	(0)	0.003	0.997	2
SC040305	(0)	0.002	0.998	2
SC040307	(0)	0.001	0.999	2
SC040308	(0)	0.002	0.998	2
SC040309	(0)	0.002	0.998	2
SC040311	(0)	0.003	0.997	2
SC040312	(0)	0.002	0.998	2
SC040313	(0)	0.002	0.998	2
SC040314	(0)	0.002	0.998	2
SC040316	(0)	0.003	0.997	2
SC040317	(0)	0.002	0.998	2
SC040318	(0)	0.002	0.998	2
SC040319	(0)	0.002	0.998	2
SC040320	(0)	0.002	0.998	2
SC040321	(0)	0.007	0.993	2
SC040322	(0)	0.004	0.996	2
SC040323	(0)	0.001	0.999	2
SC040325	(0)	0.001	0.999	2
SC040327	(0)	0.002	0.998	2
SC040330	(0)	0.003	0.997	2
SC040331	(0)	0.002	0.998	2
SC040332	(0)	0.001	0.999	2
SC040334	(0)	0.002	0.998	2
SC040337	(0)	0.002	0.998	2
SC040338	(0)	0.003	0.997	2
SC040339	(0)	0.010	0.990	2
SC040340	(0)	0.003	0.997	2
SC040341	(0)	0.002	0.998	2
SC040344	(0)	0.002	0.998	2
SC040346	(0)	0.002	0.998	2
SC040348	(0)	0.002	0.998	2
SC040352	(0)	0.002	0.998	2
SC040353	(0)	0.001	0.999	2
SC040354	(0)	0.053	0.947	2
SC040355	(0)	0.001	0.999	2
SC040356	(0)	0.034	0.966	2
SC040358	(0)	0.002	0.998	2
SC040359	(0)	0.042	0.958	2
SC040360	(0)	0.002	0.998	2
SC040361	(0)	0.002	0.998	2
SC040362	(0)	0.003	0.997	2
SC040363	(0)	0.002	0.998	2
SC040365	(0)	0.003	0.997	2
SC040366	(0)	0.002	0.998	2
SC040368	(0)	0.017	0.983	2
SC930501	(0)	0.003	0.997	2
SC930502	(0)	0.003	0.997	2
SC930507	(0)	0.001	0.999	2
SC930508	(0)	0.002	0.998	2
SC930510	(0)	0.002	0.998	2
SC930511	(0)	0.002	0.998	2
SC930513	(0)	0.005	0.995	2
SC930514	(0)	0.003	0.997	2
SC930516	(0)	0.002	0.998	2
SC930517	(0)	0.002	0.998	2
SC930518	(0)	0.001	0.999	2
SC930519	(0)	0.001	0.999	2
SC930522	(0)	0.273	0.727	2
SC930524	(0)	0.002	0.998	2
SC930525	(0)	0.003	0.997	2
SC930526	(5)	0.033	0.967	2
SC930527	(0)	0.002	0.998	2
SC940529	(0)	0.009	0.991	2
SC940530	(0)	0.002	0.998	2
SC940531	(0)	0.005	0.995	2
SC940532	(0)	0.002	0.998	2
SC940533	(0)	0.002	0.998	2
SC940535	(0)	0.003	0.997	2
SC940536	(0)	0.002	0.998	2
SC940537	(0)	0.002	0.998	2
SC940538	(0)	0.003	0.997	2
SC940539	(0)	0.003	0.997	2
SC940540	(0)	0.002	0.998	2
SC940541	(0)	0.002	0.998	2
SC940543	(0)	0.219	0.781	2
SC940544	(0)	0.002	0.998	2
SC940545	(0)	0.002	0.998	2
SC940546	(0)	0.002	0.998	2
SC940547	(0)	0.004	0.996	2
SC940548	(0)	0.015	0.985	2
SC940549	(0)	0.002	0.998	2
SC940551	(0)	0.002	0.998	2
SC940552	(0)	0.006	0.994	2
SC940553	(0)	0.002	0.998	2
SC940554	(0)	0.002	0.998	2
SC940555	(0)	0.002	0.998	2
SC940556	(0)	0.001	0.999	2
SC940558	(0)	0.003	0.997	2
SC940559	(0)	0.003	0.997	2
SC940560	(0)	0.306	0.694	2
SC940561	(0)	0.009	0.991	2
SC940564	(0)	0.001	0.999	2
SC940565	(0)	0.010	0.990	2
SC940566	(0)	0.011	0.989	2
SC940568	(0)	0.001	0.999	2
SC940570	(0)	0.002	0.998	2
SC940572	(0)	0.001	0.999	2
SC940573	(0)	0.003	0.997	2
SC940574	(0)	0.001	0.999	2
SC940577	(0)	0.005	0.995	2
SC940579	(0)	0.010	0.990	2
SC955052	(0)	0.015	0.985	2
SC955054	(5)	0.003	0.997	2
SC955055	(5)	0.002	0.998	2
SC955057	(11)	0.013	0.987	2
SC955058	(5)	0.002	0.998	2
SC955059	(0)	0.002	0.998	2
SC955060	(0)	0.002	0.998	2
SC955061	(0)	0.004	0.996	2
SC955062	(5)	0.001	0.999	2
SC955063	(5)	0.002	0.998	2
SC955064	(0)	0.002	0.998	2
SC955065	(0)	0.005	0.995	2
SC955066	(5)	0.002	0.998	2
SC955069	(16)	0.002	0.998	2
SC975071	(0)	0.002	0.998	2
SC975072	(0)	0.003	0.997	2
SC985074	(0)	0.001	0.999	2
SC985076	(0)	0.003	0.997	2
SC985077	(0)	0.002	0.998	2
SC985078	(0)	0.006	0.994	2
SC985079	(0)	0.011	0.989	2
SC985080	(0)	0.003	0.997	2
SC985081	(0)	0.003	0.997	2
SC985082	(0)	0.003	0.997	2
SC985083	(0)	0.002	0.998	2
SC985084	(0)	0.004	0.996	2
SC985085	(0)	0.002	0.998	2
SC985086	(0)	0.001	0.999	2
SC985088	(0)	0.006	0.994	2
SC985089	(0)	0.221	0.779	2
SC985091	(0)	0.002	0.998	2
SC985092	(0)	0.003	0.997	2
SC985093	(0)	0.002	0.998	2
SC985095	(0)	0.135	0.865	2
SC985096	(0)	0.003	0.997	2
SC985097	(0)	0.002	0.998	2
SC985098	(0)	0.002	0.998	2
SC985099	(0)	0.003	0.997	2
SC985100	(0)	0.007	0.993	2
SC985101	(0)	0.030	0.970	2
SC985102	(0)	0.002	0.998	2
SC985103	(0)	0.002	0.998	2
SC985105	(0)	0.049	0.951	2
SC985107	(0)	0.001	0.999	2
SC995108	(0)	0.025	0.975	2
SC995109	(0)	0.006	0.994	2
SC995110	(0)	0.003	0.997	2
SC995111	(0)	0.004	0.996	2
SC995112	(0)	0.002	0.998	2
SC995114	(0)	0.002	0.998	2
SC995115	(0)	0.003	0.997	2
SC995116	(0)	0.002	0.998	2
SC995117	(0)	0.001	0.999	2
SC995118	(0)	0.003	0.997	2
SC995119	(0)	0.008	0.992	2
SC995120	(0)	0.002	0.998	2
SC995121	(0)	0.002	0.998	2
SC995123	(0)	0.002	0.998	2
SC995126	(0)	0.001	0.999	2
NP025001	(0)	0.997	0.003	3
NP025002	(0)	0.987	0.013	3
NP025003	(0)	0.992	0.008	3
NP025004	(0)	0.990	0.010	3
NP025005	(0)	0.994	0.006	3
NP025006	(0)	0.996	0.004	3
NP025007	(0)	0.996	0.004	3
NP025008	(0)	0.992	0.008	3
NP025009	(0)	0.996	0.004	3
NP025010	(0)	0.994	0.006	3
NP025011	(0)	0.975	0.025	3
NP025012	(0)	0.994	0.006	3
NP025013	(0)	0.983	0.017	3
NP025014	(0)	0.988	0.012	3
NP961862	(5)	0.991	0.009	3
NP965791	(0)	0.976	0.024	3
NP965819	(0)	0.955	0.045	3
NP965820	(0)	0.995	0.005	3
NP965821	(0)	0.994	0.006	3
NP965824	(5)	0.871	0.129	3
NP966224	(11)	0.994	0.006	3
NP966248	(0)	0.993	0.007	3
NP966249	(0)	0.914	0.086	3
NP966253	(11)	0.974	0.026	3
NP966254	(0)	0.966	0.034	3
SC005129	(0)	0.020	0.980	3
SC005133	(0)	0.003	0.997	3
SC005134	(11)	0.227	0.773	3
SC005137	(0)	0.006	0.994	3
SC005138	(0)	0.010	0.990	3
SC005139	(0)	0.002	0.998	3
SC005141	(0)	0.002	0.998	3
SC005142	(0)	0.004	0.996	3
SC005143	(0)	0.001	0.999	3
SC005144	(0)	0.049	0.951	3
SC005145	(0)	0.002	0.998	3
SC005146	(0)	0.002	0.998	3
SC005149	(0)	0.002	0.998	3
SC005150	(0)	0.366	0.634	3
SC005151	(0)	0.002	0.998	3
SC005152	(0)	0.002	0.998	3
SC005156	(0)	0.001	0.999	3
SC005159	(0)	0.001	0.999	3
SC005161	(0)	0.001	0.999	3
SC005167	(0)	0.001	0.999	3
SC005173	(0)	0.001	0.999	3
SC015174	(0)	0.003	0.997	3
SC015175	(0)	0.810	0.190	3
SC015177	(0)	0.003	0.997	3
SC015179	(0)	0.002	0.998	3
SC015181	(0)	0.002	0.998	3
SC015191	(0)	0.002	0.998	3
SC025195	(0)	0.002	0.998	3
SC025196	(0)	0.019	0.981	3
SC030199	(0)	0.013	0.987	3
SC030200	(0)	0.003	0.997	3
SC030202	(0)	0.002	0.998	3
SC030203	(0)	0.001	0.999	3
SC030204	(0)	0.002	0.998	3
SC030207	(0)	0.003	0.997	3
SC030208	(0)	0.001	0.999	3
SC030210	(0)	0.022	0.978	3
SC040212	(0)	0.002	0.998	3
SC040214	(0)	0.002	0.998	3
SC040215	(0)	0.002	0.998	3
SC040219	(0)	0.002	0.998	3
SC040222	(0)	0.001	0.999	3
SC040223	(0)	0.002	0.998	3
SC040224	(0)	0.011	0.989	3
SC040226	(0)	0.002	0.998	3
SC040227	(0)	0.001	0.999	3
SC040228	(0)	0.002	0.998	3
SC040229	(0)	0.002	0.998	3
SC040231	(0)	0.002	0.998	3
SC040232	(0)	0.002	0.998	3
SC040233	(0)	0.002	0.998	3
SC040236	(0)	0.001	0.999	3
SC040237	(0)	0.002	0.998	3
SC040238	(0)	0.002	0.998	3
SC040239	(0)	0.014	0.986	3
SC040240	(0)	0.002	0.998	3
SC040241	(0)	0.002	0.998	3
SC040242	(0)	0.002	0.998	3
SC040247	(0)	0.002	0.998	3
SC040249	(0)	0.006	0.994	3
SC040251	(0)	0.002	0.998	3
SC040254	(0)	0.007	0.993	3
SC040255	(0)	0.024	0.976	3
SC040256	(0)	0.002	0.998	3
SC040258	(0)	0.011	0.989	3
SC040259	(0)	0.002	0.998	3
SC040262	(0)	0.003	0.997	3
SC040263	(0)	0.002	0.998	3
SC040265	(0)	0.009	0.991	3
SC040266	(0)	0.001	0.999	3
SC040267	(0)	0.002	0.998	3
SC040268	(0)	0.002	0.998	3
SC040269	(0)	0.001	0.999	3
SC040270	(0)	0.002	0.998	3
SC040271	(0)	0.001	0.999	3
SC040272	(0)	0.003	0.997	3
SC040273	(0)	0.001	0.999	3
SC040274	(0)	0.002	0.998	3
SC040275	(0)	0.205	0.795	3
SC040277	(0)	0.015	0.985	3
SC040278	(0)	0.001	0.999	3
SC040279	(0)	0.002	0.998	3
SC040281	(0)	0.003	0.997	3
SC040282	(0)	0.002	0.998	3
SC040283	(0)	0.002	0.998	3
SC040284	(0)	0.030	0.970	3
SC040285	(0)	0.002	0.998	3
SC040286	(0)	0.002	0.998	3
SC040288	(0)	0.002	0.998	3
SC040289	(0)	0.003	0.997	3
SC040292	(0)	0.001	0.999	3
SC040294	(0)	0.002	0.998	3
SC040295	(0)	0.022	0.978	3
SC040296	(0)	0.002	0.998	3
SC040297	(0)	0.002	0.998	3
SC040300	(0)	0.003	0.997	3
SC040301	(0)	0.002	0.998	3
SC040302	(0)	0.002	0.998	3
SC040303	(0)	0.002	0.998	3
SC040304	(0)	0.003	0.997	3
SC040305	(0)	0.002	0.998	3
SC040307	(0)	0.001	0.999	3
SC040308	(0)	0.002	0.998	3
SC040309	(0)	0.002	0.998	3
SC040311	(0)	0.003	0.997	3
SC040312	(0)	0.001	0.999	3
SC040313	(0)	0.002	0.998	3
SC040314	(0)	0.001	0.999	3
SC040316	(0)	0.004	0.996	3
SC040317	(0)	0.003	0.997	3
SC040318	(0)	0.002	0.998	3
SC040319	(0)	0.002	0.998	3
SC040320	(0)	0.001	0.999	3
SC040321	(0)	0.007	0.993	3
SC040322	(0)	0.004	0.996	3
SC040323	(0)	0.001	0.999	3
SC040325	(0)	0.001	0.999	3
SC040327	(0)	0.002	0.998	3
SC040330	(0)	0.003	0.997	3
SC040331	(0)	0.002	0.998	3
SC040332	(0)	0.001	0.999	3
SC040334	(0)	0.002	0.998	3
SC040337	(0)	0.002	0.998	3
SC040338	(0)	0.003	0.997	3
SC040339	(0)	0.008	0.992	3
SC040340	(0)	0.003	0.997	3
SC040341	(0)	0.002	0.998	3
SC040344	(0)	0.001	0.999	3
SC040346	(0)	0.001	0.999	3
SC040348	(0)	0.001	0.999	3
SC040352	(0)	0.002	0.998	3
SC040353	(0)	0.001	0.999	3
SC040354	(0)	0.062	0.938	3
SC040355	(0)	0.001	0.999	3
SC040356	(0)	0.037	0.963	3
SC040358	(0)	0.002	0.998	3
SC040359	(0)	0.038	0.962	3
SC040360	(0)	0.002	0.998	3
SC040361	(0)	0.002	0.998	3
SC040362	(0)	0.003	0.997	3
SC040363	(0)	0.002	0.998	3
SC040365	(0)	0.002	0.998	3
SC040366	(0)	0.002	0.998	3
SC040368	(0)	0.021	0.979	3
SC930501	(0)	0.003	0.997	3
SC930502	(0)	0.003	0.997	3
SC930507	(0)	0.001	0.999	3
SC930508	(0)	0.002	0.998	3
SC930510	(0)	0.002	0.998	3
SC930511	(0)	0.002	0.998	3
SC930513	(0)	0.005	0.995	3
SC930514	(0)	0.003	0.997	3
SC930516	(0)	0.002	0.998	3
SC930517	(0)	0.001	0.999	3
SC930518	(0)	0.001	0.999	3
SC930519	(0)	0.001	0.999	3
SC930522	(0)	0.273	0.727	3
SC930524	(0)	0.002	0.998	3
SC930525	(0)	0.003	0.997	3
SC930526	(5)	0.031	0.969	3
SC930527	(0)	0.002	0.998	3
SC940529	(0)	0.008	0.992	3
SC940530	(0)	0.001	0.999	3
SC940531	(0)	0.005	0.995	3
SC940532	(0)	0.002	0.998	3
SC940533	(0)	0.002	0.998	3
SC940535	(0)	0.003	0.997	3
SC940536	(0)	0.003	0.997	3
SC940537	(0)	0.002	0.998	3
SC940538	(0)	0.003	0.997	3
SC940539	(0)	0.003	0.997	3
SC940540	(0)	0.002	0.998	3
SC940541	(0)	0.002	0.998	3
SC940543	(0)	0.220	0.780	3
SC940544	(0)	0.002	0.998	3
SC940545	(0)	0.001	0.999	3
SC940546	(0)	0.002	0.998	3
SC940547	(0)	0.004	0.996	3
SC940548	(0)	0.014	0.986	3
SC940549	(0)	0.001	0.999	3
SC940551	(0)	0.002	0.998	3
SC940552	(0)	0.006	0.994	3
SC940553	(0)	0.002	0.998	3
SC940554	(0)	0.002	0.998	3
SC940555	(0)	0.002	0.998	3
SC940556	(0)	0.001	0.999	3
SC940558	(0)	0.003	0.997	3
SC940559	(0)	0.003	0.997	3
SC940560	(0)	0.304	0.696	3
SC940561	(0)	0.009	0.991	3
SC940564	(0)	0.001	0.999	3
SC940565	(0)	0.011	0.989	3
SC940566	(0)	0.011	0.989	3
SC940568	(0)	0.001	0.999	3
SC940570	(0)	0.002	0.998	3
SC940572	(0)	0.001	0.999	3
SC940573	(0)	0.004	0.996	3
SC940574	(0)	0.001	0.999	3
SC940577	(0)	0.005	0.995	3
SC940579	(0)	0.010	0.990	3
SC955052	(0)	0.014	0.986	3
SC955054	(5)	0.003	0.997	3
SC955055	(5)	0.002	0.998	3
SC955057	(11)	0.014	0.986	3
SC955058	(5)	0.002	0.998	3
SC955059	(0)	0.002	0.998	3
SC955060	(0)	0.002	0.998	3
SC955061	(0)	0.003	0.997	3
SC955062	(5)	0.001	0.999	3
SC955063	(5)	0.002	0.998	3
SC955064	(0)	0.002	0.998	3
SC955065	(0)	0.004	0.996	3
SC955066	(5)	0.002	0.998	3
SC955069	(16)	0.002	0.998	3
SC975071	(0)	0.002	0.998	3
SC975072	(0)	0.002	0.998	3
SC985074	(0)	0.001	0.999	3
SC985076	(0)	0.003	0.997	3
SC985077	(0)	0.002	0.998	3
SC985078	(0)	0.006	0.994	3
SC985079	(0)	0.012	0.988	3
SC985080	(0)	0.003	0.997	3
SC985081	(0)	0.003	0.997	3
SC985082	(0)	0.003	0.997	3
SC985083	(0)	0.002	0.998	3
SC985084	(0)	0.004	0.996	3
SC985085	(0)	0.002	0.998	3
SC985086	(0)	0.001	0.999	3
SC985088	(0)	0.006	0.994	3
SC985089	(0)	0.222	0.778	3
SC985091	(0)	0.002	0.998	3
SC985092	(0)	0.003	0.997	3
SC985093	(0)	0.002	0.998	3
SC985095	(0)	0.134	0.866	3
SC985096	(0)	0.003	0.997	3
SC985097	(0)	0.001	0.999	3
SC985098	(0)	0.002	0.998	3
SC985099	(0)	0.002	0.998	3
SC985100	(0)	0.006	0.994	3
SC985101	(0)	0.029	0.971	3
SC985102	(0)	0.002	0.998	3
SC985103	(0)	0.002	0.998	3
SC985105	(0)	0.048	0.952	3
SC985107	(0)	0.001	0.999	3
SC995108	(0)	0.027	0.973	3
SC995109	(0)	0.005	0.995	3
SC995110	(0)	0.003	0.997	3
SC995111	(0)	0.003	0.997	3
SC995112	(0)	0.002	0.998	3
SC995114	(0)	0.002	0.998	3
SC995115	(0)	0.002	0.998	3
SC995116	(0)	0.002	0.998	3
SC995117	(0)	0.001	0.999	3
SC995118	(0)	0.003	0.997	3
SC995119	(0)	0.008	0.992	3
SC995120	(0)	0.002	0.998	3
SC995121	(0)	0.002	0.998	3
SC995123	(0)	0.002	0.998	3
SC995126	(0)	0.001	0.999	3
NP025001	(0)	0.998	0.002	4
NP025002	(0)	0.988	0.012	4
NP025003	(0)	0.993	0.007	4
NP025004	(0)	0.992	0.008	4
NP025005	(0)	0.995	0.005	4
NP025006	(0)	0.996	0.004	4
NP025007	(0)	0.997	0.003	4
NP025008	(0)	0.993	0.007	4
NP025009	(0)	0.997	0.003	4
NP025010	(0)	0.995	0.005	4
NP025011	(0)	0.978	0.022	4
NP025012	(0)	0.995	0.005	4
NP025013	(0)	0.984	0.016	4
NP025014	(0)	0.990	0.010	4
NP961862	(5)	0.991	0.009	4
NP965791	(0)	0.977	0.023	4
NP965819	(0)	0.957	0.043	4
NP965820	(0)	0.995	0.005	4
NP965821	(0)	0.995	0.005	4
NP965824	(5)	0.855	0.145	4
NP966224	(11)	0.995	0.005	4
NP966248	(0)	0.994	0.006	4
NP966249	(0)	0.910	0.090	4
NP966253	(11)	0.975	0.025	4
NP966254	(0)	0.966	0.034	4
SC005129	(0)	0.017	0.983	4
SC005133	(0)	0.003	0.997	4
SC005134	(11)	0.225	0.775	4
SC005137	(0)	0.005	0.995	4
SC005138	(0)	0.011	0.989	4
SC005139	(0)	0.002	0.998	4
SC005141	(0)	0.001	0.999	4
SC005142	(0)	0.004	0.996	4
SC005143	(0)	0.001	0.999	4
SC005144	(0)	0.044	0.956	4
SC005145	(0)	0.002	0.998	4
SC005146	(0)	0.002	0.998	4
SC005149	(0)	0.002	0.998	4
SC005150	(0)	0.372	0.628	4
SC005151	(0)	0.002	0.998	4
SC005152	(0)	0.002	0.998	4
SC005156	(0)	0.001	0.999	4
SC005159	(0)	0.001	0.999	4
SC005161	(0)	0.001	0.999	4
SC005167	(0)	0.001	0.999	4
SC005173	(0)	0.001	0.999	4
SC015174	(0)	0.003	0.997	4
SC015175	(0)	0.830	0.170	4
SC015177	(0)	0.003	0.997	4
SC015179	(0)	0.002	0.998	4
SC015181	(0)	0.002	0.998	4
SC015191	(0)	0.002	0.998	4
SC025195	(0)	0.002	0.998	4
SC025196	(0)	0.015	0.985	4
SC030199	(0)	0.013	0.987	4
SC030200	(0)	0.003	0.997	4
SC030202	(0)	0.002	0.998	4
SC030203	(0)	0.001	0.999	4
SC030204	(0)	0.001	0.999	4
SC030207	(0)	0.003	0.997	4
SC030208	(0)	0.001	0.999	4
SC030210	(0)	0.023	0.977	4
SC040212	(0)	0.001	0.999	4
SC040214	(0)	0.002	0.998	4
SC040215	(0)	0.002	0.998	4
SC040219	(0)	0.001	0.999	4
SC040222	(0)	0.001	0.999	4
SC040223	(0)	0.001	0.999	4
SC040224	(0)	0.012	0.988	4
SC040226	(0)	0.002	0.998	4
SC040227	(0)	0.001	0.999	4
SC040228	(0)	0.002	0.998	4
SC040229	(0)	0.001	0.999	4
SC040231	(0)	0.002	0.998	4
SC040232	(0)	0.002	0.998	4
SC040233	(0)	0.002	0.998	4
SC040236	(0)	0.001	0.999	4
SC040237	(0)	0.002	0.998	4
SC040238	(0)	0.002	0.998	4
SC040239	(0)	0.013	0.987	4
SC040240	(0)	0.002	0.998	4
SC040241	(0)	0.002	0.998	4
SC040242	(0)	0.002	0.998	4
SC040247	(0)	0.001	0.999	4
SC040249	(0)	0.005	0.995	4
SC040251	(0)	0.001	0.999	4
SC040254	(0)	0.006	0.994	4
SC040255	(0)	0.023	0.977	4
SC040256	(0)	0.002	0.998	4
SC040258	(0)	0.010	0.990	4
SC040259	(0)	0.001	0.999	4
SC040262	(0)	0.002	0.998	4
SC040263	(0)	0.001	0.999	4
SC040265	(0)	0.008	0.992	4
SC040266	(0)	0.001	0.999	4
SC040267	(0)	0.002	0.998	4
SC040268	(0)	0.002	0.998	4
SC040269	(0)	0.001	0.999	4
SC040270	(0)	0.002	0.998	4
SC040271	(0)	0.001	0.999	4
SC040272	(0)	0.002	0.998	4
SC040273	(0)	0.001	0.999	4
SC040274	(0)	0.002	0.998	4
SC040275	(0)	0.209	0.791	4
SC040277	(0)	0.014	0.986	4
SC040278	(0)	0.001	0.999	4
SC040279	(0)	0.002	0.998	4
SC040281	(0)	0.003	0.997	4
SC040282	(0)	0.002	0.998	4
SC040283	(0)	0.001	0.999	4
SC040284	(0)	0.029	0.971	4
SC040285	(0)	0.002	0.998	4
SC040286	(0)	0.002	0.998	4
SC040288	(0)	0.001	0.999	4
SC040289	(0)	0.003	0.997	4
SC040292	(0)	0.001	0.999	4
SC040294	(0)	0.002	0.998	4
SC040295	(0)	0.019	0.981	4
SC040296	(0)	0.002	0.998	4
SC040297	(0)	0.002	0.998	4
SC040300	(0)	0.002	0.998	4
SC040301	(0)	0.001	0.999	4
SC040302	(0)	0.002	0.998	4
SC040303	(0)	0.002	0.998	4
SC040304	(0)	0.003	0.997	4
SC040305	(0)	0.002	0.998	4
SC040307	(0)	0.001	0.999	4
SC040308	(0)	0.001	0.999	4
SC040309	(0)	0.002	0.998	4
SC040311	(0)	0.002	0.998	4
SC040312	(0)	0.001	0.999	4
SC040313	(0)	0.002	0.998	4
SC040314	(0)	0.002	0.998	4
SC040316	(0)	0.003	0.997	4
SC040317	(0)	0.002	0.998	4
SC040318	(0)	0.002	0.998	4
SC040319	(0)	0.002	0.998	4
SC040320	(0)	0.001	0.999	4
SC040321	(0)	0.006	0.994	4
SC040322	(0)	0.004	0.996	4
SC040323	(0)	0.001	0.999	4
SC040325	(0)	0.001	0.999	4
SC040327	(0)	0.002	0.998	4
SC040330	(0)	0.002	0.998	4
SC040331	(0)	0.002	0.998	4
SC040332	(0)	0.001	0.999	4
SC040334	(0)	0.002	0.998	4
SC040337	(0)	0.002	0.998	4
SC040338	(0)	0.003	0.997	4
SC040339	(0)	0.009	0.991	4
SC040340	(0)	0.003	0.997	4
SC040341	(0)	0.002	0.998	4
SC040344	(0)	0.001	0.999	4
SC040346	(0)	0.001	0.999	4
SC040348	(0)	0.001	0.999	4
SC040352	(0)	0.002	0.998	4
SC040353	(0)	0.001	0.999	4
SC040354	(0)	0.051	0.949	4
SC040355	(0)	0.001	0.999	4
SC040356	(0)	0.031	0.969	4
SC040358	(0)	0.002	0.998	4
SC040359	(0)	0.037	0.963	4
SC040360	(0)	0.002	0.998	4
SC040361	(0)	0.002	0.998	4
SC040362	(0)	0.003	0.997	4
SC040363	(0)	0.002	0.998	4
SC040365	(0)	0.002	0.998	4
SC040366	(0)	0.002	0.998	4
SC040368	(0)	0.016	0.984	4
SC930501	(0)	0.003	0.997	4
SC930502	(0)	0.002	0.998	4
SC930507	(0)	0.001	0.999	4
SC930508	(0)	0.002	0.998	4
SC930510	(0)	0.002	0.998	4
SC930511	(0)	0.002	0.998	4
SC930513	(0)	0.004	0.996	4
SC930514	(0)	0.003	0.997	4
SC930516	(0)	0.002	0.998	4
SC930517	(0)	0.001	0.999	4
SC930518	(0)	0.001	0.999	4
SC930519	(0)	0.001	0.999	4
SC930522	(0)	0.279	0.721	4
SC930524	(0)	0.002	0.998	4
SC930525	(0)	0.003	0.997	4
SC930526	(5)	0.030	0.970	4
SC930527	(0)	0.001	0.999	4
SC940529	(0)	0.007	0.993	4
SC940530	(0)	0.001	0.999	4
SC940531	(0)	0.005	0.995	4
SC940532	(0)	0.002	0.998	4
SC940533	(0)	0.002	0.998	4
SC940535	(0)	0.003	0.997	4
SC940536	(0)	0.002	0.998	4
SC940537	(0)	0.001	0.999	4
SC940538	(0)	0.003	0.997	4
SC940539	(0)	0.003	0.997	4
SC940540	(0)	0.002	0.998	4
SC940541	(0)	0.001	0.999	4
SC940543	(0)	0.220	0.780	4
SC940544	(0)	0.002	0.998	4
SC940545	(0)	0.001	0.999	4
SC940546	(0)	0.002	0.998	4
SC940547	(0)	0.004	0.996	4
SC940548	(0)	0.012	0.988	4
SC940549	(0)	0.001	0.999	4
SC940551	(0)	0.002	0.998	4
SC940552	(0)	0.005	0.995	4
SC940553	(0)	0.002	0.998	4
SC940554	(0)	0.002	0.998	4
SC940555	(0)	0.002	0.998	4
SC940556	(0)	0.001	0.999	4
SC940558	(0)	0.003	0.997	4
SC940559	(0)	0.002	0.998	4
SC940560	(0)	0.313	0.687	4
SC940561	(0)	0.008	0.992	4
SC940564	(0)	0.001	0.999	4
SC940565	(0)	0.010	0.990	4
SC940566	(0)	0.011	0.989	4
SC940568	(0)	0.001	0.999	4
SC940570	(0)	0.002	0.998	4
SC940572	(0)	0.001	0.999	4
SC940573	(0)	0.003	0.997	4
SC940574	(0)	0.001	0.999	4
SC940577	(0)	0.005	0.995	4
SC940579	(0)	0.009	0.991	4
SC955052	(0)	0.013	0.987	4
SC955054	(5)	0.002	0.998	4
SC955055	(5)	0.002	0.998	4
SC955057	(11)	0.012	0.988	4
SC955058	(5)	0.002	0.998	4
SC955059	(0)	0.002	0.998	4
SC955060	(0)	0.002	0.998	4
SC955061	(0)	0.003	0.997	4
SC955062	(5)	0.001	0.999	4
SC955063	(5)	0.001	0.999	4
SC955064	(0)	0.002	0.998	4
SC955065	(0)	0.004	0.996	4
SC955066	(5)	0.002	0.998	4
SC955069	(16)	0.002	0.998	4
SC975071	(0)	0.002	0.998	4
SC975072	(0)	0.002	0.998	4
SC985074	(0)	0.001	0.999	4
SC985076	(0)	0.003	0.997	4
SC985077	(0)	0.001	0.999	4
SC985078	(0)	0.005	0.995	4
SC985079	(0)	0.009	0.991	4
SC985080	(0)	0.002	0.998	4
SC985081	(0)	0.003	0.997	4
SC985082	(0)	0.003	0.997	4
SC985083	(0)	0.002	0.998	4
SC985084	(0)	0.004	0.996	4
SC985085	(0)	0.002	0.998	4
SC985086	(0)	0.001	0.999	4
SC985088	(0)	0.005	0.995	4
SC985089	(0)	0.223	0.777	4
SC985091	(0)	0.001	0.999	4
SC985092	(0)	0.002	0.998	4
SC985093	(0)	0.002	0.998	4
SC985095	(0)	0.131	0.869	4
SC985096	(0)	0.003	0.997	4
SC985097	(0)	0.001	0.999	4
SC985098	(0)	0.002	0.998	4
SC985099	(0)	0.002	0.998	4
SC985100	(0)	0.006	0.994	4
SC985101	(0)	0.029	0.971	4
SC985102	(0)	0.002	0.998	4
SC985103	(0)	0.001	0.999	4
SC985105	(0)	0.042	0.958	4
SC985107	(0)	0.001	0.999	4
SC995108	(0)	0.026	0.974	4
SC995109	(0)	0.005	0.995	4
SC995110	(0)	0.003	0.997	4
SC995111	(0)	0.003	0.997	4
SC995112	(0)	0.002	0.998	4
SC995114	(0)	0.001	0.999	4
SC995115	(0)	0.002	0.998	4
SC995116	(0)	0.002	0.998	4
SC995117	(0)	0.001	0.999	4
SC995118	(0)	0.003	0.997	4
SC995119	(0)	0.007	0.993	4
SC995120	(0)	0.002	0.998	4
SC995121	(0)	0.001	0.999	4
SC995123	(0)	0.002	0.998	4
SC995126	(0)	0.001	0.999	4
NP025001	(0)	0.998	0.002	5
NP025002	(0)	0.988	0.012	5
NP025003	(0)	0.993	0.007	5
NP025004	(0)	0.991	0.009	5
NP025005	(0)	0.995	0.005	5
NP025006	(0)	0.996	0.004	5
NP025007	(0)	0.997	0.003	5
NP025008	(0)	0.993	0.007	5
NP025009	(0)	0.997	0.003	5
NP025010	(0)	0.994	0.006	5
NP025011	(0)	0.976	0.024	5
NP025012	(0)	0.995	0.005	5
NP025013	(0)	0.985	0.015	5
NP025014	(0)	0.988	0.012	5
NP961862	(5)	0.991	0.009	5
NP965791	(0)	0.975	0.025	5
NP965819	(0)	0.953	0.047	5
NP965820	(0)	0.995	0.005	5
NP965821	(0)	0.995	0.005	5
NP965824	(5)	0.851	0.149	5
NP966224	(11)	0.995	0.005	5
NP966248	(0)	0.993	0.007	5
NP966249	(0)	0.912	0.088	5
NP966253	(11)	0.972	0.028	5
NP966254	(0)	0.963	0.037	5
SC005129	(0)	0.020	0.980	5
SC005133	(0)	0.003	0.997	5
SC005134	(11)	0.217	0.783	5
SC005137	(0)	0.007	0.993	5
SC005138	(0)	0.012	0.988	5
SC005139	(0)	0.002	0.998	5
SC005141	(0)	0.002	0.998	5
SC005142	(0)	0.004	0.996	5
SC005143	(0)	0.001	0.999	5
SC005144	(0)	0.046	0.954	5
SC005145	(0)	0.002	0.998	5
SC005146	(0)	0.002	0.998	5
SC005149	(0)	0.002	0.998	5
SC005150	(0)	0.358	0.642	5
SC005151	(0)	0.002	0.998	5
SC005152	(0)	0.002	0.998	5
SC005156	(0)	0.002	0.998	5
SC005159	(0)	0.002	0.998	5
SC005161	(0)	0.001	0.999	5
SC005167	(0)	0.002	0.998	5
SC005173	(0)	0.002	0.998	5
SC015174	(0)	0.003	0.997	5
SC015175	(0)	0.785	0.215	5
SC015177	(0)	0.004	0.996	5
SC015179	(0)	0.003	0.997	5
SC015181	(0)	0.002	0.998	5
SC015191	(0)	0.003	0.997	5
SC025195	(0)	0.002	0.998	5
SC025196	(0)	0.021	0.979	5
SC030199	(0)	0.015	0.985	5
SC030200	(0)	0.004	0.996	5
SC030202	(0)	0.002	0.998	5
SC030203	(0)	0.002	0.998	5
SC030204	(0)	0.002	0.998	5
SC030207	(0)	0.003	0.997	5
SC030208	(0)	0.002	0.998	5
SC030210	(0)	0.023	0.977	5
SC040212	(0)	0.002	0.998	5
SC040214	(0)	0.002	0.998	5
SC040215	(0)	0.002	0.998	5
SC040219	(0)	0.002	0.998	5
SC040222	(0)	0.002	0.998	5
SC040223	(0)	0.002	0.998	5
SC040224	(0)	0.011	0.989	5
SC040226	(0)	0.002	0.998	5
SC040227	(0)	0.002	0.998	5
SC040228	(0)	0.003	0.997	5
SC040229	(0)	0.002	0.998	5
SC040231	(0)	0.002	0.998	5
SC040232	(0)	0.002	0.998	5
SC040233	(0)	0.002	0.998	5
SC040236	(0)	0.002	0.998	5
SC040237	(0)	0.002	0.998	5
SC040238	(0)	0.003	0.997	5
SC040239	(0)	0.015	0.985	5
SC040240	(0)	0.002	0.998	5
SC040241	(0)	0.003	0.997	5
SC040242	(0)	0.002	0.998	5
SC040247	(0)	0.002	0.998	5
SC040249	(0)	0.006	0.994	5
SC040251	(0)	0.002	0.998	5
SC040254	(0)	0.008	0.992	5
SC040255	(0)	0.028	0.972	5
SC040256	(0)	0.003	0.997	5
SC040258	(0)	0.012	0.988	5
SC040259	(0)	0.002	0.998	5
SC040262	(0)	0.003	0.997	5
SC040263	(0)	0.002	0.998	5
SC040265	(0)	0.009	0.991	5
SC040266	(0)	0.002	0.998	5
SC040267	(0)	0.002	0.998	5
SC040268	(0)	0.003	0.997	5
SC040269	(0)	0.002	0.998	5
SC040270	(0)	0.002	0.998	5
SC040271	(0)	0.002	0.998	5
SC040272	(0)	0.003	0.997	5
SC040273	(0)	0.001	0.999	5
SC040274	(0)	0.002	0.998	5
SC040275	(0)	0.200	0.800	5
SC040277	(0)	0.018	0.982	5
SC040278	(0)	0.002	0.998	5
SC040279	(0)	0.002	0.998	5
SC040281	(0)	0.004	0.996	5
SC040282	(0)	0.002	0.998	5
SC040283	(0)	0.002	0.998	5
SC040284	(0)	0.032	0.968	5
SC040285	(0)	0.003	0.997	5
SC040286	(0)	0.002	0.998	5
SC040288	(0)	0.002	0.998	5
SC040289	(0)	0.004	0.996	5
SC040292	(0)	0.001	0.999	5
SC040294	(0)	0.002	0.998	5
SC040295	(0)	0.025	0.975	5
SC040296	(0)	0.002	0.998	5
SC040297	(0)	0.002	0.998	5
SC040300	(0)	0.003	0.997	5
SC040301	(0)	0.002	0.998	5
SC040302	(0)	0.002	0.998	5
SC040303	(0)	0.003	0.997	5
SC040304	(0)	0.003	0.997	5
SC040305	(0)	0.002	0.998	5
SC040307	(0)	0.002	0.998	5
SC040308	(0)	0.002	0.998	5
SC040309	(0)	0.002	0.998	5
SC040311	(0)	0.003	0.997	5
SC040312	(0)	0.002	0.998	5
SC040313	(0)	0.002	0.998	5
SC040314	(0)	0.002	0.998	5
SC040316	(0)	0.004	0.996	5
SC040317	(0)	0.003	0.997	5
SC040318	(0)	0.002	0.998	5
SC040319	(0)	0.002	0.998	5
SC040320	(0)	0.002	0.998	5
SC040321	(0)	0.007	0.993	5
SC040322	(0)	0.005	0.995	5
SC040323	(0)	0.002	0.998	5
SC040325	(0)	0.002	0.998	5
SC040327	(0)	0.002	0.998	5
SC040330	(0)	0.003	0.997	5
SC040331	(0)	0.002	0.998	5
SC040332	(0)	0.002	0.998	5
SC040334	(0)	0.002	0.998	5
SC040337	(0)	0.002	0.998	5
SC040338	(0)	0.003	0.997	5
SC040339	(0)	0.009	0.991	5
SC040340	(0)	0.003	0.997	5
SC040341	(0)	0.002	0.998	5
SC040344	(0)	0.002	0.998	5
SC040346	(0)	0.002	0.998	5
SC040348	(0)	0.002	0.998	5
SC040352	(0)	0.002	0.998	5
SC040353	(0)	0.002	0.998	5
SC040354	(0)	0.055	0.945	5
SC040355	(0)	0.002	0.998	5
SC040356	(0)	0.030	0.970	5
SC040358	(0)	0.002	0.998	5
SC040359	(0)	0.043	0.957	5
SC040360	(0)	0.002	0.998	5
SC040361	(0)	0.002	0.998	5
SC040362	(0)	0.004	0.996	5
SC040363	(0)	0.002	0.998	5
SC040365	(0)	0.003	0.997	5
SC040366	(0)	0.002	0.998	5
SC040368	(0)	0.020	0.980	5
SC930501	(0)	0.004	0.996	5
SC930502	(0)	0.003	0.997	5
SC930507	(0)	0.001	0.999	5
SC930508	(0)	0.002	0.998	5
SC930510	(0)	0.002	0.998	5
SC930511	(0)	0.002	0.998	5
SC930513	(0)	0.005	0.995	5
SC930514	(0)	0.003	0.997	5
SC930516	(0)	0.002	0.998	5
SC930517	(0)	0.002	0.998	5
SC930518	(0)	0.001	0.999	5
SC930519	(0)	0.002	0.998	5
SC930522	(0)	0.268	0.732	5
SC930524	(0)	0.002	0.998	5
SC930525	(0)	0.003	0.997	5
SC930526	(5)	0.033	0.967	5
SC930527	(0)	0.002	0.998	5
SC940529	(0)	0.010	0.990	5
SC940530	(0)	0.002	0.998	5
SC940531	(0)	0.006	0.994	5
SC940532	(0)	0.002	0.998	5
SC940533	(0)	0.002	0.998	5
SC940535	(0)	0.003	0.997	5
SC940536	(0)	0.003	0.997	5
SC940537	(0)	0.002	0.998	5
SC940538	(0)	0.004	0.996	5
SC940539	(0)	0.003	0.997	5
SC940540	(0)	0.002	0.998	5
SC940541	(0)	0.002	0.998	5
SC940543	(0)	0.216	0.784	5
SC940544	(0)	0.002	0.998	5
SC940545	(0)	0.002	0.998	5
SC940546	(0)	0.002	0.998	5
SC940547	(0)	0.005	0.995	5
SC940548	(0)	0.015	0.985	5
SC940549	(0)	0.002	0.998	5
SC940551	(0)	0.002	0.998	5
SC940552	(0)	0.006	0.994	5
SC940553	(0)	0.002	0.998	5
SC940554	(0)	0.002	0.998	5
SC940555	(0)	0.002	0.998	5
SC940556	(0)	0.002	0.998	5
SC940558	(0)	0.003	0.997	5
SC940559	(0)	0.003	0.997	5
SC940560	(0)	0.300	0.700	5
SC940561	(0)	0.009	0.991	5
SC940564	(0)	0.002	0.998	5
SC940565	(0)	0.012	0.988	5
SC940566	(0)	0.012	0.988	5
SC940568	(0)	0.002	0.998	5
SC940570	(0)	0.002	0.998	5
SC940572	(0)	0.002	0.998	5
SC940573	(0)	0.004	0.996	5
SC940574	(0)	0.001	0.999	5
SC940577	(0)	0.005	0.995	5
SC940579	(0)	0.010	0.990	5
SC955052	(0)	0.015	0.985	5
SC955054	(5)	0.003	0.997	5
SC955055	(5)	0.003	0.997	5
SC955057	(11)	0.013	0.987	5
SC955058	(5)	0.003	0.997	5
SC955059	(0)	0.002	0.998	5
SC955060	(0)	0.002	0.998	5
SC955061	(0)	0.003	0.997	5
SC955062	(5)	0.001	0.999	5
SC955063	(5)	0.002	0.998	5
SC955064	(0)	0.002	0.998	5
SC955065	(0)	0.005	0.995	5
SC955066	(5)	0.003	0.997	5
SC955069	(16)	0.003	0.997	5
SC975071	(0)	0.002	0.998	5
SC975072	(0)	0.003	0.997	5
SC985074	(0)	0.002	0.998	5
SC985076	(0)	0.003	0.997	5
SC985077	(0)	0.002	0.998	5
SC985078	(0)	0.006	0.994	5
SC985079	(0)	0.016	0.984	5
SC985080	(0)	0.004	0.996	5
SC985081	(0)	0.003	0.997	5
SC985082	(0)	0.003	0.997	5
SC985083	(0)	0.002	0.998	5
SC985084	(0)	0.005	0.995	5
SC985085	(0)	0.003	0.997	5
SC985086	(0)	0.002	0.998	5
SC985088	(0)	0.006	0.994	5
SC985089	(0)	0.215	0.785	5
SC985091	(0)	0.002	0.998	5
SC985092	(0)	0.003	0.997	5
SC985093	(0)	0.002	0.998	5
SC985095	(0)	0.132	0.868	5
SC985096	(0)	0.004	0.996	5
SC985097	(0)	0.002	0.998	5
SC985098	(0)	0.002	0.998	5
SC985099	(0)	0.003	0.997	5
SC985100	(0)	0.007	0.993	5
SC985101	(0)	0.031	0.969	5
SC985102	(0)	0.003	0.997	5
SC985103	(0)	0.002	0.998	5
SC985105	(0)	0.047	0.953	5
SC985107	(0)	0.002	0.998	5
SC995108	(0)	0.028	0.972	5
SC995109	(0)	0.006	0.994	5
SC995110	(0)	0.004	0.996	5
SC995111	(0)	0.004	0.996	5
SC995112	(0)	0.002	0.998	5
SC995114	(0)	0.002	0.998	5
SC995115	(0)	0.003	0.997	5
SC995116	(0)	0.002	0.998	5
SC995117	(0)	0.002	0.998	5
SC995118	(0)	0.003	0.997	5
SC995119	(0)	0.009	0.991	5
SC995120	(0)	0.002	0.998	5
SC995121	(0)	0.002	0.998	5
SC995123	(0)	0.002	0.998	5
SC995126	(0)	0.002	0.998	5
NP025001	(0)	0.999	0.001	6
NP025002	(0)	0.995	0.005	6
NP025003	(0)	0.997	0.003	6
NP025004	(0)	0.996	0.004	6
NP025005	(0)	0.998	0.002	6
NP025006	(0)	0.998	0.002	6
NP025007	(0)	0.999	0.001	6
NP025008	(0)	0.997	0.003	6
NP025009	(0)	0.999	0.001	6
NP025010	(0)	0.998	0.002	6
NP025011	(0)	0.992	0.008	6
NP025012	(0)	0.998	0.002	6
NP025013	(0)	0.993	0.007	6
NP025014	(0)	0.995	0.005	6
NP961862	(5)	0.996	0.004	6
NP965791	(0)	0.990	0.010	6
NP965819	(0)	0.979	0.021	6
NP965820	(0)	0.998	0.002	6
NP965821	(0)	0.998	0.002	6
NP965824	(5)	0.903	0.097	6
NP966224	(11)	0.998	0.002	6
NP966248	(0)	0.997	0.003	6
NP966249	(0)	0.954	0.046	6
NP966253	(11)	0.988	0.012	6
NP966254	(0)	0.984	0.016	6
SC005129	(0)	0.018	0.982	6
SC005133	(0)	0.003	0.997	6
SC005134	(11)	0.226	0.774	6
SC005137	(0)	0.006	0.994	6
SC005138	(0)	0.010	0.990	6
SC005139	(0)	0.002	0.998	6
SC005141	(0)	0.002	0.998	6
SC005142	(0)	0.004	0.996	6
SC005143	(0)	0.001	0.999	6
SC005144	(0)	0.046	0.954	6
SC005145	(0)	0.002	0.998	6
SC005146	(0)	0.002	0.998	6
SC005149	(0)	0.002	0.998	6
SC005150	(0)	0.370	0.630	6
SC005151	(0)	0.002	0.998	6
SC005152	(0)	0.002	0.998	6
SC005156	(0)	0.002	0.998	6
SC005159	(0)	0.001	0.999	6
SC005161	(0)	0.001	0.999	6
SC005167	(0)	0.001	0.999	6
SC005173	(0)	0.001	0.999	6
SC015174	(0)	0.003	0.997	6
SC015175	(0)	0.810	0.190	6
SC015177	(0)	0.003	0.997	6
SC015179	(0)	0.003	0.997	6
SC015181	(0)	0.002	0.998	6
SC015191	(0)	0.002	0.998	6
SC025195	(0)	0.002	0.998	6
SC025196	(0)	0.020	0.980	6
SC030199	(0)	0.013	0.987	6
SC030200	(0)	0.003	0.997	6
SC030202	(0)	0.002	0.998	6
SC030203	(0)	0.001	0.999	6
SC030204	(0)	0.002	0.998	6
SC030207	(0)	0.003	0.997	6
SC030208	(0)	0.001	0.999	6
SC030210	(0)	0.021	0.979	6
SC040212	(0)	0.002	0.998	6
SC040214	(0)	0.002	0.998	6
SC040215	(0)	0.002	0.998	6
SC040219	(0)	0.002	0.998	6
SC040222	(0)	0.002	0.998	6
SC040223	(0)	0.002	0.998	6
SC040224	(0)	0.010	0.990	6
SC040226	(0)	0.002	0.998	6
SC040227	(0)	0.002	0.998	6
SC040228	(0)	0.002	0.998	6
SC040229	(0)	0.002	0.998	6
SC040231	(0)	0.002	0.998	6
SC040232	(0)	0.002	0.998	6
SC040233	(0)	0.002	0.998	6
SC040236	(0)	0.002	0.998	6
SC040237	(0)	0.002	0.998	6
SC040238	(0)	0.003	0.997	6
SC040239	(0)	0.013	0.987	6
SC040240	(0)	0.002	0.998	6
SC040241	(0)	0.002	0.998	6
SC040242	(0)	0.002	0.998	6
SC040247	(0)	0.002	0.998	6
SC040249	(0)	0.006	0.994	6
SC040251	(0)	0.002	0.998	6
SC040254	(0)	0.007	0.993	6
SC040255	(0)	0.024	0.976	6
SC040256	(0)	0.002	0.998	6
SC040258	(0)	0.011	0.989	6
SC040259	(0)	0.002	0.998	6
SC040262	(0)	0.003	0.997	6
SC040263	(0)	0.002	0.998	6
SC040265	(0)	0.010	0.990	6
SC040266	(0)	0.001	0.999	6
SC040267	(0)	0.002	0.998	6
SC040268	(0)	0.002	0.998	6
SC040269	(0)	0.001	0.999	6
SC040270	(0)	0.002	0.998	6
SC040271	(0)	0.002	0.998	6
SC040272	(0)	0.003	0.997	6
SC040273	(0)	0.001	0.999	6
SC040274	(0)	0.002	0.998	6
SC040275	(0)	0.206	0.794	6
SC040277	(0)	0.016	0.984	6
SC040278	(0)	0.002	0.998	6
SC040279	(0)	0.002	0.998	6
SC040281	(0)	0.003	0.997	6
SC040282	(0)	0.002	0.998	6
SC040283	(0)	0.002	0.998	6
SC040284	(0)	0.032	0.968	6
SC040285	(0)	0.002	0.998	6
SC040286	(0)	0.002	0.998	6
SC040288	(0)	0.002	0.998	6
SC040289	(0)	0.003	0.997	6
SC040292	(0)	0.001	0.999	6
SC040294	(0)	0.002	0.998	6
SC040295	(0)	0.022	0.978	6
SC040296	(0)	0.002	0.998	6
SC040297	(0)	0.002	0.998	6
SC040300	(0)	0.003	0.997	6
SC040301	(0)	0.002	0.998	6
SC040302	(0)	0.002	0.998	6
SC040303	(0)	0.002	0.998	6
SC040304	(0)	0.003	0.997	6
SC040305	(0)	0.002	0.998	6
SC040307	(0)	0.001	0.999	6
SC040308	(0)	0.002	0.998	6
SC040309	(0)	0.002	0.998	6
SC040311	(0)	0.003	0.997	6
SC040312	(0)	0.001	0.999	6
SC040313	(0)	0.002	0.998	6
SC040314	(0)	0.002	0.998	6
SC040316	(0)	0.003	0.997	6
SC040317	(0)	0.002	0.998	6
SC040318	(0)	0.002	0.998	6
SC040319	(0)	0.002	0.998	6
SC040320	(0)	0.001	0.999	6
SC040321	(0)	0.007	0.993	6
SC040322	(0)	0.004	0.996	6
SC040323	(0)	0.001	0.999	6
SC040325	(0)	0.001	0.999	6
SC040327	(0)	0.002	0.998	6
SC040330	(0)	0.003	0.997	6
SC040331	(0)	0.002	0.998	6
SC040332	(0)	0.001	0.999	6
SC040334	(0)	0.002	0.998	6
SC040337	(0)	0.002	0.998	6
SC040338	(0)	0.003	0.997	6
SC040339	(0)	0.008	0.992	6
SC040340	(0)	0.003	0.997	6
SC040341	(0)	0.002	0.998	6
SC040344	(0)	0.002	0.998	6
SC040346	(0)	0.002	0.998	6
SC040348	(0)	0.002	0.998	6
SC040352	(0)	0.002	0.998	6
SC040353	(0)	0.001	0.999	6
SC040354	(0)	0.050	0.950	6
SC040355	(0)	0.001	0.999	6
SC040356	(0)	0.034	0.966	6
SC040358	(0)	0.002	0.998	6
SC040359	(0)	0.042	0.958	6
SC040360	(0)	0.002	0.998	6
SC040361	(0)	0.002	0.998	6
SC040362	(0)	0.004	0.996	6
SC040363	(0)	0.002	0.998	6
SC040365	(0)	0.003	0.997	6
SC040366	(0)	0.002	0.998	6
SC040368	(0)	0.015	0.985	6
SC930501	(0)	0.003	0.997	6
SC930502	(0)	0.002	0.998	6
SC930507	(0)	0.001	0.999	6
SC930508	(0)	0.002	0.998	6
SC930510	(0)	0.002	0.998	6
SC930511	(0)	0.002	0.998	6
SC930513	(0)	0.004	0.996	6
SC930514	(0)	0.003	0.997	6
SC930516	(0)	0.002	0.998	6
SC930517	(0)	0.001	0.999	6
SC930518	(0)	0.001	0.999	6
SC930519	(0)	0.001	0.999	6
SC930522	(0)	0.276	0.724	6
SC930524	(0)	0.002	0.998	6
SC930525	(0)	0.003	0.997	6
SC930526	(5)	0.034	0.966	6
SC930527	(0)	0.002	0.998	6
SC940529	(0)	0.009	0.991	6
SC940530	(0)	0.002	0.998	6
SC940531	(0)	0.006	0.994	6
SC940532	(0)	0.002	0.998	6
SC940533	(0)	0.002	0.998	6
SC940535	(0)	0.003	0.997	6
SC940536	(0)	0.002	0.998	6
SC940537	(0)	0.002	0.998	6
SC940538	(0)	0.004	0.996	6
SC940539	(0)	0.003	0.997	6
SC940540	(0)	0.002	0.998	6
SC940541	(0)	0.002	0.998	6
SC940543	(0)	0.218	0.782	6
SC940544	(0)	0.002	0.998	6
SC940545	(0)	0.002	0.998	6
SC940546	(0)	0.002	0.998	6
SC940547	(0)	0.004	0.996	6
SC940548	(0)	0.016	0.984	6
SC940549	(0)	0.002	0.998	6
SC940551	(0)	0.002	0.998	6
SC940552	(0)	0.006	0.994	6
SC940553	(0)	0.002	0.998	6
SC940554	(0)	0.002	0.998	6
SC940555	(0)	0.002	0.998	6
SC940556	(0)	0.001	0.999	6
SC940558	(0)	0.003	0.997	6
SC940559	(0)	0.003	0.997	6
SC940560	(0)	0.309	0.691	6
SC940561	(0)	0.010	0.990	6
SC940564	(0)	0.001	0.999	6
SC940565	(0)	0.011	0.989	6
SC940566	(0)	0.011	0.989	6
SC940568	(0)	0.002	0.998	6
SC940570	(0)	0.002	0.998	6
SC940572	(0)	0.001	0.999	6
SC940573	(0)	0.004	0.996	6
SC940574	(0)	0.001	0.999	6
SC940577	(0)	0.005	0.995	6
SC940579	(0)	0.009	0.991	6
SC955052	(0)	0.014	0.986	6
SC955054	(5)	0.003	0.997	6
SC955055	(5)	0.003	0.997	6
SC955057	(11)	0.013	0.987	6
SC955058	(5)	0.002	0.998	6
SC955059	(0)	0.002	0.998	6
SC955060	(0)	0.002	0.998	6
SC955061	(0)	0.003	0.997	6
SC955062	(5)	0.001	0.999	6
SC955063	(5)	0.002	0.998	6
SC955064	(0)	0.002	0.998	6
SC955065	(0)	0.004	0.996	6
SC955066	(5)	0.003	0.997	6
SC955069	(16)	0.002	0.998	6
SC975071	(0)	0.002	0.998	6
SC975072	(0)	0.002	0.998	6
SC985074	(0)	0.001	0.999	6
SC985076	(0)	0.003	0.997	6
SC985077	(0)	0.002	0.998	6
SC985078	(0)	0.006	0.994	6
SC985079	(0)	0.012	0.988	6
SC985080	(0)	0.003	0.997	6
SC985081	(0)	0.003	0.997	6
SC985082	(0)	0.003	0.997	6
SC985083	(0)	0.002	0.998	6
SC985084	(0)	0.004	0.996	6
SC985085	(0)	0.002	0.998	6
SC985086	(0)	0.001	0.999	6
SC985088	(0)	0.005	0.995	6
SC985089	(0)	0.223	0.777	6
SC985091	(0)	0.002	0.998	6
SC985092	(0)	0.003	0.997	6
SC985093	(0)	0.002	0.998	6
SC985095	(0)	0.134	0.866	6
SC985096	(0)	0.003	0.997	6
SC985097	(0)	0.002	0.998	6
SC985098	(0)	0.002	0.998	6
SC985099	(0)	0.003	0.997	6
SC985100	(0)	0.007	0.993	6
SC985101	(0)	0.033	0.967	6
SC985102	(0)	0.002	0.998	6
SC985103	(0)	0.002	0.998	6
SC985105	(0)	0.047	0.953	6
SC985107	(0)	0.001	0.999	6
SC995108	(0)	0.025	0.975	6
SC995109	(0)	0.006	0.994	6
SC995110	(0)	0.003	0.997	6
SC995111	(0)	0.003	0.997	6
SC995112	(0)	0.002	0.998	6
SC995114	(0)	0.002	0.998	6
SC995115	(0)	0.003	0.997	6
SC995116	(0)	0.002	0.998	6
SC995117	(0)	0.001	0.999	6
SC995118	(0)	0.003	0.997	6
SC995119	(0)	0.008	0.992	6
SC995120	(0)	0.002	0.998	6
SC995121	(0)	0.002	0.998	6
SC995123	(0)	0.002	0.998	6
SC995126	(0)	0.001	0.999	6
NP025001	(0)	0.997	0.003	7
NP025002	(0)	0.988	0.012	7
NP025003	(0)	0.992	0.008	7
NP025004	(0)	0.990	0.010	7
NP025005	(0)	0.994	0.006	7
NP025006	(0)	0.994	0.006	7
NP025007	(0)	0.996	0.004	7
NP025008	(0)	0.992	0.008	7
NP025009	(0)	0.996	0.004	7
NP025010	(0)	0.993	0.007	7
NP025011	(0)	0.979	0.021	7
NP025012	(0)	0.994	0.006	7
NP025013	(0)	0.984	0.016	7
NP025014	(0)	0.989	0.011	7
NP961862	(5)	0.990	0.010	7
NP965791	(0)	0.980	0.020	7
NP965819	(0)	0.966	0.034	7
NP965820	(0)	0.994	0.006	7
NP965821	(0)	0.993	0.007	7
NP965824	(5)	0.907	0.093	7
NP966224	(11)	0.994	0.006	7
NP966248	(0)	0.992	0.008	7
NP966249	(0)	0.936	0.064	7
NP966253	(11)	0.976	0.024	7
NP966254	(0)	0.969	0.031	7
SC005129	(0)	0.019	0.981	7
SC005133	(0)	0.003	0.997	7
SC005134	(11)	0.220	0.780	7
SC005137	(0)	0.007	0.993	7
SC005138	(0)	0.012	0.988	7
SC005139	(0)	0.002	0.998	7
SC005141	(0)	0.002	0.998	7
SC005142	(0)	0.004	0.996	7
SC005143	(0)	0.001	0.999	7
SC005144	(0)	0.048	0.952	7
SC005145	(0)	0.002	0.998	7
SC005146	(0)	0.003	0.997	7
SC005149	(0)	0.002	0.998	7
SC005150	(0)	0.356	0.644	7
SC005151	(0)	0.002	0.998	7
SC005152	(0)	0.002	0.998	7
SC005156	(0)	0.002	0.998	7
SC005159	(0)	0.002	0.998	7
SC005161	(0)	0.001	0.999	7
SC005167	(0)	0.002	0.998	7
SC005173	(0)	0.002	0.998	7
SC015174	(0)	0.003	0.997	7
SC015175	(0)	0.778	0.222	7
SC015177	(0)	0.004	0.996	7
SC015179	(0)	0.003	0.997	7
SC015181	(0)	0.002	0.998	7
SC015191	(0)	0.003	0.997	7
SC025195	(0)	0.002	0.998	7
SC025196	(0)	0.021	0.979	7
SC030199	(0)	0.015	0.985	7
SC030200	(0)	0.004	0.996	7
SC030202	(0)	0.003	0.997	7
SC030203	(0)	0.002	0.998	7
SC030204	(0)	0.002	0.998	7
SC030207	(0)	0.003	0.997	7
SC030208	(0)	0.002	0.998	7
SC030210	(0)	0.025	0.975	7
SC040212	(0)	0.002	0.998	7
SC040214	(0)	0.002	0.998	7
SC040215	(0)	0.002	0.998	7
SC040219	(0)	0.002	0.998	7
SC040222	(0)	0.002	0.998	7
SC040223	(0)	0.002	0.998	7
SC040224	(0)	0.011	0.989	7
SC040226	(0)	0.002	0.998	7
SC040227	(0)	0.002	0.998	7
SC040228	(0)	0.002	0.998	7
SC040229	(0)	0.002	0.998	7
SC040231	(0)	0.002	0.998	7
SC040232	(0)	0.002	0.998	7
SC040233	(0)	0.002	0.998	7
SC040236	(0)	0.002	0.998	7
SC040237	(0)	0.002	0.998	7
SC040238	(0)	0.003	0.997	7
SC040239	(0)	0.016	0.984	7
SC040240	(0)	0.002	0.998	7
SC040241	(0)	0.003	0.997	7
SC040242	(0)	0.002	0.998	7
SC040247	(0)	0.002	0.998	7
SC040249	(0)	0.006	0.994	7
SC040251	(0)	0.002	0.998	7
SC040254	(0)	0.007	0.993	7
SC040255	(0)	0.024	0.976	7
SC040256	(0)	0.003	0.997	7
SC040258	(0)	0.013	0.987	7
SC040259	(0)	0.002	0.998	7
SC040262	(0)	0.003	0.997	7
SC040263	(0)	0.002	0.998	7
SC040265	(0)	0.011	0.989	7
SC040266	(0)	0.002	0.998	7
SC040267	(0)	0.002	0.998	7
SC040268	(0)	0.002	0.998	7
SC040269	(0)	0.002	0.998	7
SC040270	(0)	0.002	0.998	7
SC040271	(0)	0.002	0.998	7
SC040272	(0)	0.003	0.997	7
SC040273	(0)	0.002	0.998	7
SC040274	(0)	0.002	0.998	7
SC040275	(0)	0.200	0.800	7
SC040277	(0)	0.015	0.985	7
SC040278	(0)	0.002	0.998	7
SC040279	(0)	0.003	0.997	7
SC040281	(0)	0.004	0.996	7
SC040282	(0)	0.002	0.998	7
SC040283	(0)	0.002	0.998	7
SC040284	(0)	0.031	0.969	7
SC040285	(0)	0.002	0.998	7
SC040286	(0)	0.002	0.998	7
SC040288	(0)	0.002	0.998	7
SC040289	(0)	0.004	0.996	7
SC040292	(0)	0.002	0.998	7
SC040294	(0)	0.002	0.998	7
SC040295	(0)	0.024	0.976	7
SC040296	(0)	0.002	0.998	7
SC040297	(0)	0.002	0.998	7
SC040300	(0)	0.003	0.997	7
SC040301	(0)	0.002	0.998	7
SC040302	(0)	0.002	0.998	7
SC040303	(0)	0.003	0.997	7
SC040304	(0)	0.003	0.997	7
SC040305	(0)	0.002	0.998	7
SC040307	(0)	0.002	0.998	7
SC040308	(0)	0.002	0.998	7
SC040309	(0)	0.003	0.997	7
SC040311	(0)	0.003	0.997	7
SC040312	(0)	0.002	0.998	7
SC040313	(0)	0.002	0.998	7
SC040314	(0)	0.002	0.998	7
SC040316	(0)	0.004	0.996	7
SC040317	(0)	0.003	0.997	7
SC040318	(0)	0.002	0.998	7
SC040319	(0)	0.002	0.998	7
SC040320	(0)	0.002	0.998	7
SC040321	(0)	0.009	0.991	7
SC040322	(0)	0.005	0.995	7
SC040323	(0)	0.002	0.998	7
SC040325	(0)	0.002	0.998	7
SC040327	(0)	0.002	0.998	7
SC040330	(0)	0.003	0.997	7
SC040331	(0)	0.002	0.998	7
SC040332	(0)	0.002	0.998	7
SC040334	(0)	0.002	0.998	7
SC040337	(0)	0.002	0.998	7
SC040338	(0)	0.004	0.996	7
SC040339	(0)	0.010	0.990	7
SC040340	(0)	0.003	0.997	7
SC040341	(0)	0.002	0.998	7
SC040344	(0)	0.002	0.998	7
SC040346	(0)	0.002	0.998	7
SC040348	(0)	0.002	0.998	7
SC040352	(0)	0.002	0.998	7
SC040353	(0)	0.002	0.998	7
SC040354	(0)	0.062	0.938	7
SC040355	(0)	0.002	0.998	7
SC040356	(0)	0.036	0.964	7
SC040358	(0)	0.002	0.998	7
SC040359	(0)	0.040	0.960	7
SC040360	(0)	0.002	0.998	7
SC040361	(0)	0.002	0.998	7
SC040362	(0)	0.004	0.996	7
SC040363	(0)	0.002	0.998	7
SC040365	(0)	0.003	0.997	7
SC040366	(0)	0.003	0.997	7
SC040368	(0)	0.021	0.979	7
SC930501	(0)	0.003	0.997	7
SC930502	(0)	0.003	0.997	7
SC930507	(0)	0.002	0.998	7
SC930508	(0)	0.002	0.998	7
SC930510	(0)	0.002	0.998	7
SC930511	(0)	0.002	0.998	7
SC930513	(0)	0.005	0.995	7
SC930514	(0)	0.003	0.997	7
SC930516	(0)	0.002	0.998	7
SC930517	(0)	0.002	0.998	7
SC930518	(0)	0.001	0.999	7
SC930519	(0)	0.002	0.998	7
SC930522	(0)	0.266	0.734	7
SC930524	(0)	0.002	0.998	7
SC930525	(0)	0.004	0.996	7
SC930526	(5)	0.035	0.965	7
SC930527	(0)	0.002	0.998	7
SC940529	(0)	0.010	0.990	7
SC940530	(0)	0.002	0.998	7
SC940531	(0)	0.006	0.994	7
SC940532	(0)	0.002	0.998	7
SC940533	(0)	0.002	0.998	7
SC940535	(0)	0.003	0.997	7
SC940536	(0)	0.003	0.997	7
SC940537	(0)	0.002	0.998	7
SC940538	(0)	0.004	0.996	7
SC940539	(0)	0.003	0.997	7
SC940540	(0)	0.003	0.997	7
SC940541	(0)	0.002	0.998	7
SC940543	(0)	0.211	0.789	7
SC940544	(0)	0.002	0.998	7
SC940545	(0)	0.002	0.998	7
SC940546	(0)	0.002	0.998	7
SC940547	(0)	0.005	0.995	7
SC940548	(0)	0.015	0.985	7
SC940549	(0)	0.002	0.998	7
SC940551	(0)	0.002	0.998	7
SC940552	(0)	0.007	0.993	7
SC940553	(0)	0.002	0.998	7
SC940554	(0)	0.002	0.998	7
SC940555	(0)	0.002	0.998	7
SC940556	(0)	0.002	0.998	7
SC940558	(0)	0.003	0.997	7
SC940559	(0)	0.003	0.997	7
SC940560	(0)	0.298	0.702	7
SC940561	(0)	0.011	0.989	7
SC940564	(0)	0.002	0.998	7
SC940565	(0)	0.011	0.989	7
SC940566	(0)	0.013	0.987	7
SC940568	(0)	0.002	0.998	7
SC940570	(0)	0.002	0.998	7
SC940572	(0)	0.002	0.998	7
SC940573	(0)	0.004	0.996	7
SC940574	(0)	0.002	0.998	7
SC940577	(0)	0.005	0.995	7
SC940579	(0)	0.011	0.989	7
SC955052	(0)	0.015	0.985	7
SC955054	(5)	0.003	0.997	7
SC955055	(5)	0.003	0.997	7
SC955057	(11)	0.014	0.986	7
SC955058	(5)	0.003	0.997	7
SC955059	(0)	0.002	0.998	7
SC955060	(0)	0.002	0.998	7
SC955061	(0)	0.004	0.996	7
SC955062	(5)	0.002	0.998	7
SC955063	(5)	0.002	0.998	7
SC955064	(0)	0.002	0.998	7
SC955065	(0)	0.006	0.994	7
SC955066	(5)	0.003	0.997	7
SC955069	(16)	0.003	0.997	7
SC975071	(0)	0.002	0.998	7
SC975072	(0)	0.003	0.997	7
SC985074	(0)	0.002	0.998	7
SC985076	(0)	0.003	0.997	7
SC985077	(0)	0.002	0.998	7
SC985078	(0)	0.006	0.994	7
SC985079	(0)	0.013	0.987	7
SC985080	(0)	0.003	0.997	7
SC985081	(0)	0.003	0.997	7
SC985082	(0)	0.004	0.996	7
SC985083	(0)	0.002	0.998	7
SC985084	(0)	0.005	0.995	7
SC985085	(0)	0.002	0.998	7
SC985086	(0)	0.001	0.999	7
SC985088	(0)	0.006	0.994	7
SC985089	(0)	0.209	0.791	7
SC985091	(0)	0.002	0.998	7
SC985092	(0)	0.003	0.997	7
SC985093	(0)	0.002	0.998	7
SC985095	(0)	0.134	0.866	7
SC985096	(0)	0.004	0.996	7
SC985097	(0)	0.002	0.998	7
SC985098	(0)	0.002	0.998	7
SC985099	(0)	0.003	0.997	7
SC985100	(0)	0.007	0.993	7
SC985101	(0)	0.030	0.970	7
SC985102	(0)	0.003	0.997	7
SC985103	(0)	0.002	0.998	7
SC985105	(0)	0.044	0.956	7
SC985107	(0)	0.002	0.998	7
SC995108	(0)	0.026	0.974	7
SC995109	(0)	0.006	0.994	7
SC995110	(0)	0.003	0.997	7
SC995111	(0)	0.004	0.996	7
SC995112	(0)	0.002	0.998	7
SC995114	(0)	0.002	0.998	7
SC995115	(0)	0.003	0.997	7
SC995116	(0)	0.002	0.998	7
SC995117	(0)	0.002	0.998	7
SC995118	(0)	0.004	0.996	7
SC995119	(0)	0.009	0.991	7
SC995120	(0)	0.002	0.998	7
SC995121	(0)	0.002	0.998	7
SC995123	(0)	0.002	0.998	7
SC995126	(0)	0.002	0.998	7
NP025001	(0)	0.997	0.003	8
NP025002	(0)	0.988	0.012	8
NP025003	(0)	0.992	0.008	8
NP025004	(0)	0.988	0.012	8
NP025005	(0)	0.993	0.007	8
NP025006	(0)	0.994	0.006	8
NP025007	(0)	0.996	0.004	8
NP025008	(0)	0.991	0.009	8
NP025009	(0)	0.996	0.004	8
NP025010	(0)	0.993	0.007	8
NP025011	(0)	0.973	0.027	8
NP025012	(0)	0.993	0.007	8
NP025013	(0)	0.981	0.019	8
NP025014	(0)	0.987	0.013	8
NP961862	(5)	0.990	0.010	8
NP965791	(0)	0.970	0.030	8
NP965819	(0)	0.954	0.046	8
NP965820	(0)	0.994	0.006	8
NP965821	(0)	0.994	0.006	8
NP965824	(5)	0.843	0.157	8
NP966224	(11)	0.993	0.007	8
NP966248	(0)	0.991	0.009	8
NP966249	(0)	0.905	0.095	8
NP966253	(11)	0.969	0.031	8
NP966254	(0)	0.962	0.038	8
SC005129	(0)	0.018	0.982	8
SC005133	(0)	0.003	0.997	8
SC005134	(11)	0.231	0.769	8
SC005137	(0)	0.005	0.995	8
SC005138	(0)	0.009	0.991	8
SC005139	(0)	0.002	0.998	8
SC005141	(0)	0.001	0.999	8
SC005142	(0)	0.003	0.997	8
SC005143	(0)	0.001	0.999	8
SC005144	(0)	0.047	0.953	8
SC005145	(0)	0.002	0.998	8
SC005146	(0)	0.002	0.998	8
SC005149	(0)	0.002	0.998	8
SC005150	(0)	0.365	0.635	8
SC005151	(0)	0.002	0.998	8
SC005152	(0)	0.002	0.998	8
SC005156	(0)	0.001	0.999	8
SC005159	(0)	0.001	0.999	8
SC005161	(0)	0.001	0.999	8
SC005167	(0)	0.001	0.999	8
SC005173	(0)	0.001	0.999	8
SC015174	(0)	0.003	0.997	8
SC015175	(0)	0.821	0.179	8
SC015177	(0)	0.003	0.997	8
SC015179	(0)	0.002	0.998	8
SC015181	(0)	0.002	0.998	8
SC015191	(0)	0.002	0.998	8
SC025195	(0)	0.002	0.998	8
SC025196	(0)	0.018	0.982	8
SC030199	(0)	0.013	0.987	8
SC030200	(0)	0.003	0.997	8
SC030202	(0)	0.002	0.998	8
SC030203	(0)	0.001	0.999	8
SC030204	(0)	0.001	0.999	8
SC030207	(0)	0.003	0.997	8
SC030208	(0)	0.001	0.999	8
SC030210	(0)	0.024	0.976	8
SC040212	(0)	0.001	0.999	8
SC040214	(0)	0.002	0.998	8
SC040215	(0)	0.002	0.998	8
SC040219	(0)	0.002	0.998	8
SC040222	(0)	0.001	0.999	8
SC040223	(0)	0.002	0.998	8
SC040224	(0)	0.010	0.990	8
SC040226	(0)	0.002	0.998	8
SC040227	(0)	0.001	0.999	8
SC040228	(0)	0.002	0.998	8
SC040229	(0)	0.001	0.999	8
SC040231	(0)	0.002	0.998	8
SC040232	(0)	0.002	0.998	8
SC040233	(0)	0.002	0.998	8
SC040236	(0)	0.001	0.999	8
SC040237	(0)	0.002	0.998	8
SC040238	(0)	0.002	0.998	8
SC040239	(0)	0.012	0.988	8
SC040240	(0)	0.002	0.998	8
SC040241	(0)	0.002	0.998	8
SC040242	(0)	0.002	0.998	8
SC040247	(0)	0.001	0.999	8
SC040249	(0)	0.005	0.995	8
SC040251	(0)	0.002	0.998	8
SC040254	(0)	0.006	0.994	8
SC040255	(0)	0.022	0.978	8
SC040256	(0)	0.002	0.998	8
SC040258	(0)	0.010	0.990	8
SC040259	(0)	0.001	0.999	8
SC040262	(0)	0.003	0.997	8
SC040263	(0)	0.001	0.999	8
SC040265	(0)	0.009	0.991	8
SC040266	(0)	0.001	0.999	8
SC040267	(0)	0.002	0.998	8
SC040268	(0)	0.002	0.998	8
SC040269	(0)	0.001	0.999	8
SC040270	(0)	0.002	0.998	8
SC040271	(0)	0.001	0.999	8
SC040272	(0)	0.002	0.998	8
SC040273	(0)	0.001	0.999	8
SC040274	(0)	0.002	0.998	8
SC040275	(0)	0.206	0.794	8
SC040277	(0)	0.015	0.985	8
SC040278	(0)	0.002	0.998	8
SC040279	(0)	0.002	0.998	8
SC040281	(0)	0.003	0.997	8
SC040282	(0)	0.002	0.998	8
SC040283	(0)	0.001	0.999	8
SC040284	(0)	0.029	0.971	8
SC040285	(0)	0.002	0.998	8
SC040286	(0)	0.002	0.998	8
SC040288	(0)	0.001	0.999	8
SC040289	(0)	0.003	0.997	8
SC040292	(0)	0.001	0.999	8
SC040294	(0)	0.002	0.998	8
SC040295	(0)	0.024	0.976	8
SC040296	(0)	0.002	0.998	8
SC040297	(0)	0.002	0.998	8
SC040300	(0)	0.002	0.998	8
SC040301	(0)	0.001	0.999	8
SC040302	(0)	0.002	0.998	8
SC040303	(0)	0.002	0.998	8
SC040304	(0)	0.003	0.997	8
SC040305	(0)	0.002	0.998	8
SC040307	(0)	0.001	0.999	8
SC040308	(0)	0.001	0.999	8
SC040309	(0)	0.002	0.998	8
SC040311	(0)	0.002	0.998	8
SC040312	(0)	0.001	0.999	8
SC040313	(0)	0.002	0.998	8
SC040314	(0)	0.002	0.998	8
SC040316	(0)	0.003	0.997	8
SC040317	(0)	0.002	0.998	8
SC040318	(0)	0.002	0.998	8
SC040319	(0)	0.002	0.998	8
SC040320	(0)	0.001	0.999	8
SC040321	(0)	0.007	0.993	8
SC040322	(0)	0.004	0.996	8
SC040323	(0)	0.001	0.999	8
SC040325	(0)	0.001	0.999	8
SC040327	(0)	0.002	0.998	8
SC040330	(0)	0.002	0.998	8
SC040331	(0)	0.002	0.998	8
SC040332	(0)	0.001	0.999	8
SC040334	(0)	0.002	0.998	8
SC040337	(0)	0.002	0.998	8
SC040338	(0)	0.003	0.997	8
SC040339	(0)	0.008	0.992	8
SC040340	(0)	0.003	0.997	8
SC040341	(0)	0.002	0.998	8
SC040344	(0)	0.001	0.999	8
SC040346	(0)	0.001	0.999	8
SC040348	(0)	0.001	0.999	8
SC040352	(0)	0.001	0.999	8
SC040353	(0)	0.001	0.999	8
SC040354	(0)	0.055	0.945	8
SC040355	(0)	0.001	0.999	8
SC040356	(0)	0.031	0.969	8
SC040358	(0)	0.002	0.998	8
SC040359	(0)	0.039	0.961	8
SC040360	(0)	0.002	0.998	8
SC040361	(0)	0.001	0.999	8
SC040362	(0)	0.003	0.997	8
SC040363	(0)	0.002	0.998	8
SC040365	(0)	0.002	0.998	8
SC040366	(0)	0.002	0.998	8
SC040368	(0)	0.017	0.983	8
SC930501	(0)	0.002	0.998	8
SC930502	(0)	0.002	0.998	8
SC930507	(0)	0.001	0.999	8
SC930508	(0)	0.002	0.998	8
SC930510	(0)	0.002	0.998	8
SC930511	(0)	0.002	0.998	8
SC930513	(0)	0.004	0.996	8
SC930514	(0)	0.002	0.998	8
SC930516	(0)	0.002	0.998	8
SC930517	(0)	0.001	0.999	8
SC930518	(0)	0.001	0.999	8
SC930519	(0)	0.001	0.999	8
SC930522	(0)	0.278	0.722	8
SC930524	(0)	0.001	0.999	8
SC930525	(0)	0.003	0.997	8
SC930526	(5)	0.032	0.968	8
SC930527	(0)	0.001	0.999	8
SC940529	(0)	0.007	0.993	8
SC940530	(0)	0.001	0.999	8
SC940531	(0)	0.004	0.996	8
SC940532	(0)	0.002	0.998	8
SC940533	(0)	0.002	0.998	8
SC940535	(0)	0.002	0.998	8
SC940536	(0)	0.002	0.998	8
SC940537	(0)	0.001	0.999	8
SC940538	(0)	0.003	0.997	8
SC940539	(0)	0.003	0.997	8
SC940540	(0)	0.002	0.998	8
SC940541	(0)	0.002	0.998	8
SC940543	(0)	0.220	0.780	8
SC940544	(0)	0.001	0.999	8
SC940545	(0)	0.001	0.999	8
SC940546	(0)	0.002	0.998	8
SC940547	(0)	0.004	0.996	8
SC940548	(0)	0.013	0.987	8
SC940549	(0)	0.001	0.999	8
SC940551	(0)	0.002	0.998	8
SC940552	(0)	0.005	0.995	8
SC940553	(0)	0.002	0.998	8
SC940554	(0)	0.002	0.998	8
SC940555	(0)	0.002	0.998	8
SC940556	(0)	0.001	0.999	8
SC940558	(0)	0.003	0.997	8
SC940559	(0)	0.003	0.997	8
SC940560	(0)	0.308	0.692	8
SC940561	(0)	0.009	0.991	8
SC940564	(0)	0.001	0.999	8
SC940565	(0)	0.009	0.991	8
SC940566	(0)	0.010	0.990	8
SC940568	(0)	0.001	0.999	8
SC940570	(0)	0.002	0.998	8
SC940572	(0)	0.001	0.999	8
SC940573	(0)	0.003	0.997	8
SC940574	(0)	0.001	0.999	8
SC940577	(0)	0.004	0.996	8
SC940579	(0)	0.009	0.991	8
SC955052	(0)	0.013	0.987	8
SC955054	(5)	0.002	0.998	8
SC955055	(5)	0.002	0.998	8
SC955057	(11)	0.011	0.989	8
SC955058	(5)	0.002	0.998	8
SC955059	(0)	0.002	0.998	8
SC955060	(0)	0.001	0.999	8
SC955061	(0)	0.003	0.997	8
SC955062	(5)	0.001	0.999	8
SC955063	(5)	0.001	0.999	8
SC955064	(0)	0.002	0.998	8
SC955065	(0)	0.004	0.996	8
SC955066	(5)	0.002	0.998	8
SC955069	(16)	0.002	0.998	8
SC975071	(0)	0.002	0.998	8
SC975072	(0)	0.002	0.998	8
SC985074	(0)	0.001	0.999	8
SC985076	(0)	0.003	0.997	8
SC985077	(0)	0.001	0.999	8
SC985078	(0)	0.004	0.996	8
SC985079	(0)	0.011	0.989	8
SC985080	(0)	0.003	0.997	8
SC985081	(0)	0.003	0.997	8
SC985082	(0)	0.003	0.997	8
SC985083	(0)	0.002	0.998	8
SC985084	(0)	0.004	0.996	8
SC985085	(0)	0.002	0.998	8
SC985086	(0)	0.001	0.999	8
SC985088	(0)	0.005	0.995	8
SC985089	(0)	0.224	0.776	8
SC985091	(0)	0.002	0.998	8
SC985092	(0)	0.003	0.997	8
SC985093	(0)	0.001	0.999	8
SC985095	(0)	0.135	0.865	8
SC985096	(0)	0.003	0.997	8
SC985097	(0)	0.001	0.999	8
SC985098	(0)	0.001	0.999	8
SC985099	(0)	0.002	0.998	8
SC985100	(0)	0.006	0.994	8
SC985101	(0)	0.027	0.973	8
SC985102	(0)	0.002	0.998	8
SC985103	(0)	0.001	0.999	8
SC985105	(0)	0.050	0.950	8
SC985107	(0)	0.001	0.999	8
SC995108	(0)	0.024	0.976	8
SC995109	(0)	0.005	0.995	8
SC995110	(0)	0.003	0.997	8
SC995111	(0)	0.003	0.997	8
SC995112	(0)	0.002	0.998	8
SC995114	(0)	0.001	0.999	8
SC995115	(0)	0.003	0.997	8
SC995116	(0)	0.002	0.998	8
SC995117	(0)	0.001	0.999	8
SC995118	(0)	0.003	0.997	8
SC995119	(0)	0.008	0.992	8
SC995120	(0)	0.002	0.998	8
SC995121	(0)	0.001	0.999	8
SC995123	(0)	0.002	0.998	8
SC995126	(0)	0.001	0.999	8
NP025001	(0)	0.998	0.002	9
NP025002	(0)	0.989	0.011	9
NP025003	(0)	0.993	0.007	9
NP025004	(0)	0.991	0.009	9
NP025005	(0)	0.995	0.005	9
NP025006	(0)	0.996	0.004	9
NP025007	(0)	0.997	0.003	9
NP025008	(0)	0.992	0.008	9
NP025009	(0)	0.997	0.003	9
NP025010	(0)	0.994	0.006	9
NP025011	(0)	0.976	0.024	9
NP025012	(0)	0.995	0.005	9
NP025013	(0)	0.984	0.016	9
NP025014	(0)	0.989	0.011	9
NP961862	(5)	0.991	0.009	9
NP965791	(0)	0.976	0.024	9
NP965819	(0)	0.957	0.043	9
NP965820	(0)	0.995	0.005	9
NP965821	(0)	0.995	0.005	9
NP965824	(5)	0.847	0.153	9
NP966224	(11)	0.994	0.006	9
NP966248	(0)	0.993	0.007	9
NP966249	(0)	0.913	0.087	9
NP966253	(11)	0.974	0.026	9
NP966254	(0)	0.962	0.038	9
SC005129	(0)	0.016	0.984	9
SC005133	(0)	0.002	0.998	9
SC005134	(11)	0.227	0.773	9
SC005137	(0)	0.005	0.995	9
SC005138	(0)	0.009	0.991	9
SC005139	(0)	0.002	0.998	9
SC005141	(0)	0.001	0.999	9
SC005142	(0)	0.003	0.997	9
SC005143	(0)	0.001	0.999	9
SC005144	(0)	0.041	0.959	9
SC005145	(0)	0.002	0.998	9
SC005146	(0)	0.002	0.998	9
SC005149	(0)	0.002	0.998	9
SC005150	(0)	0.370	0.630	9
SC005151	(0)	0.001	0.999	9
SC005152	(0)	0.002	0.998	9
SC005156	(0)	0.001	0.999	9
SC005159	(0)	0.001	0.999	9
SC005161	(0)	0.001	0.999	9
SC005167	(0)	0.001	0.999	9
SC005173	(0)	0.001	0.999	9
SC015174	(0)	0.002	0.998	9
SC015175	(0)	0.822	0.178	9
SC015177	(0)	0.003	0.997	9
SC015179	(0)	0.002	0.998	9
SC015181	(0)	0.002	0.998	9
SC015191	(0)	0.002	0.998	9
SC025195	(0)	0.002	0.998	9
SC025196	(0)	0.017	0.983	9
SC030199	(0)	0.012	0.988	9
SC030200	(0)	0.002	0.998	9
SC030202	(0)	0.002	0.998	9
SC030203	(0)	0.001	0.999	9
SC030204	(0)	0.001	0.999	9
SC030207	(0)	0.002	0.998	9
SC030208	(0)	0.001	0.999	9
SC030210	(0)	0.018	0.982	9
SC040212	(0)	0.001	0.999	9
SC040214	(0)	0.001	0.999	9
SC040215	(0)	0.002	0.998	9
SC040219	(0)	0.001	0.999	9
SC040222	(0)	0.001	0.999	9
SC040223	(0)	0.001	0.999	9
SC040224	(0)	0.008	0.992	9
SC040226	(0)	0.002	0.998	9
SC040227	(0)	0.001	0.999	9
SC040228	(0)	0.002	0.998	9
SC040229	(0)	0.001	0.999	9
SC040231	(0)	0.002	0.998	9
SC040232	(0)	0.001	0.999	9
SC040233	(0)	0.002	0.998	9
SC040236	(0)	0.001	0.999	9
SC040237	(0)	0.002	0.998	9
SC040238	(0)	0.002	0.998	9
SC040239	(0)	0.012	0.988	9
SC040240	(0)	0.002	0.998	9
SC040241	(0)	0.002	0.998	9
SC040242	(0)	0.001	0.999	9
SC040247	(0)	0.001	0.999	9
SC040249	(0)	0.005	0.995	9
SC040251	(0)	0.001	0.999	9
SC040254	(0)	0.006	0.994	9
SC040255	(0)	0.021	0.979	9
SC040256	(0)	0.002	0.998	9
SC040258	(0)	0.009	0.991	9
SC040259	(0)	0.001	0.999	9
SC040262	(0)	0.002	0.998	9
SC040263	(0)	0.001	0.999	9
SC040265	(0)	0.007	0.993	9
SC040266	(0)	0.001	0.999	9
SC040267	(0)	0.001	0.999	9
SC040268	(0)	0.002	0.998	9
SC040269	(0)	0.001	0.999	9
SC040270	(0)	0.002	0.998	9
SC040271	(0)	0.001	0.999	9
SC040272	(0)	0.002	0.998	9
SC040273	(0)	0.001	0.999	9
SC040274	(0)	0.002	0.998	9
SC040275	(0)	0.207	0.793	9
SC040277	(0)	0.014	0.986	9
SC040278	(0)	0.001	0.999	9
SC040279	(0)	0.002	0.998	9
SC040281	(0)	0.003	0.997	9
SC040282	(0)	0.002	0.998	9
SC040283	(0)	0.001	0.999	9
SC040284	(0)	0.028	0.972	9
SC040285	(0)	0.002	0.998	9
SC040286	(0)	0.002	0.998	9
SC040288	(0)	0.001	0.999	9
SC040289	(0)	0.002	0.998	9
SC040292	(0)	0.001	0.999	9
SC040294	(0)	0.001	0.999	9
SC040295	(0)	0.018	0.982	9
SC040296	(0)	0.002	0.998	9
SC040297	(0)	0.001	0.999	9
SC040300	(0)	0.002	0.998	9
SC040301	(0)	0.001	0.999	9
SC040302	(0)	0.001	0.999	9
SC040303	(0)	0.002	0.998	9
SC040304	(0)	0.002	0.998	9
SC040305	(0)	0.002	0.998	9
SC040307	(0)	0.001	0.999	9
SC040308	(0)	0.001	0.999	9
SC040309	(0)	0.002	0.998	9
SC040311	(0)	0.002	0.998	9
SC040312	(0)	0.001	0.999	9
SC040313	(0)	0.002	0.998	9
SC040314	(0)	0.001	0.999	9
SC040316	(0)	0.003	0.997	9
SC040317	(0)	0.002	0.998	9
SC040318	(0)	0.001	0.999	9
SC040319	(0)	0.001	0.999	9
SC040320	(0)	0.001	0.999	9
SC040321	(0)	0.005	0.995	9
SC040322	(0)	0.004	0.996	9
SC040323	(0)	0.001	0.999	9
SC040325	(0)	0.001	0.999	9
SC040327	(0)	0.001	0.999	9
SC040330	(0)	0.002	0.998	9
SC040331	(0)	0.002	0.998	9
SC040332	(0)	0.001	0.999	9
SC040334	(0)	0.001	0.999	9
SC040337	(0)	0.001	0.999	9
SC040338	(0)	0.002	0.998	9
SC040339	(0)	0.007	0.993	9
SC040340	(0)	0.002	0.998	9
SC040341	(0)	0.002	0.998	9
SC040344	(0)	0.001	0.999	9
SC040346	(0)	0.001	0.999	9
SC040348	(0)	0.001	0.999	9
SC040352	(0)	0.001	0.999	9
SC040353	(0)	0.001	0.999	9
SC040354	(0)	0.048	0.952	9
SC040355	(0)	0.001	0.999	9
SC040356	(0)	0.029	0.971	9
SC040358	(0)	0.001	0.999	9
SC040359	(0)	0.035	0.965	9
SC040360	(0)	0.001	0.999	9
SC040361	(0)	0.001	0.999	9
SC040362	(0)	0.003	0.997	9
SC040363	(0)	0.002	0.998	9
SC040365	(0)	0.002	0.998	9
SC040366	(0)	0.002	0.998	9
SC040368	(0)	0.013	0.987	9
SC930501	(0)	0.002	0.998	9
SC930502	(0)	0.002	0.998	9
SC930507	(0)	0.001	0.999	9
SC930508	(0)	0.002	0.998	9
SC930510	(0)	0.001	0.999	9
SC930511	(0)	0.002	0.998	9
SC930513	(0)	0.004	0.996	9
SC930514	(0)	0.002	0.998	9
SC930516	(0)	0.001	0.999	9
SC930517	(0)	0.001	0.999	9
SC930518	(0)	0.001	0.999	9
SC930519	(0)	0.001	0.999	9
SC930522	(0)	0.280	0.720	9
SC930524	(0)	0.001	0.999	9
SC930525	(0)	0.002	0.998	9
SC930526	(5)	0.028	0.972	9
SC930527	(0)	0.001	0.999	9
SC940529	(0)	0.007	0.993	9
SC940530	(0)	0.001	0.999	9
SC940531	(0)	0.004	0.996	9
SC940532	(0)	0.002	0.998	9
SC940533	(0)	0.001	0.999	9
SC940535	(0)	0.002	0.998	9
SC940536	(0)	0.002	0.998	9
SC940537	(0)	0.001	0.999	9
SC940538	(0)	0.003	0.997	9
SC940539	(0)	0.002	0.998	9
SC940540	(0)	0.002	0.998	9
SC940541	(0)	0.001	0.999	9
SC940543	(0)	0.216	0.784	9
SC940544	(0)	0.002	0.998	9
SC940545	(0)	0.001	0.999	9
SC940546	(0)	0.002	0.998	9
SC940547	(0)	0.003	0.997	9
SC940548	(0)	0.011	0.989	9
SC940549	(0)	0.001	0.999	9
SC940551	(0)	0.001	0.999	9
SC940552	(0)	0.004	0.996	9
SC940553	(0)	0.002	0.998	9
SC940554	(0)	0.001	0.999	9
SC940555	(0)	0.001	0.999	9
SC940556	(0)	0.001	0.999	9
SC940558	(0)	0.002	0.998	9
SC940559	(0)	0.002	0.998	9
SC940560	(0)	0.309	0.691	9
SC940561	(0)	0.007	0.993	9
SC940564	(0)	0.001	0.999	9
SC940565	(0)	0.009	0.991	9
SC940566	(0)	0.008	0.992	9
SC940568	(0)	0.001	0.999	9
SC940570	(0)	0.002	0.998	9
SC940572	(0)	0.001	0.999	9
SC940573	(0)	0.003	0.997	9
SC940574	(0)	0.001	0.999	9
SC940577	(0)	0.004	0.996	9
SC940579	(0)	0.008	0.992	9
SC955052	(0)	0.011	0.989	9
SC955054	(5)	0.002	0.998	9
SC955055	(5)	0.002	0.998	9
SC955057	(11)	0.011	0.989	9
SC955058	(5)	0.002	0.998	9
SC955059	(0)	0.001	0.999	9
SC955060	(0)	0.001	0.999	9
SC955061	(0)	0.003	0.997	9
SC955062	(5)	0.001	0.999	9
SC955063	(5)	0.001	0.999	9
SC955064	(0)	0.001	0.999	9
SC955065	(0)	0.003	0.997	9
SC955066	(5)	0.002	0.998	9
SC955069	(16)	0.002	0.998	9
SC975071	(0)	0.002	0.998	9
SC975072	(0)	0.002	0.998	9
SC985074	(0)	0.001	0.999	9
SC985076	(0)	0.003	0.997	9
SC985077	(0)	0.001	0.999	9
SC985078	(0)	0.004	0.996	9
SC985079	(0)	0.008	0.992	9
SC985080	(0)	0.002	0.998	9
SC985081	(0)	0.002	0.998	9
SC985082	(0)	0.003	0.997	9
SC985083	(0)	0.002	0.998	9
SC985084	(0)	0.003	0.997	9
SC985085	(0)	0.002	0.998	9
SC985086	(0)	0.001	0.999	9
SC985088	(0)	0.005	0.995	9
SC985089	(0)	0.227	0.773	9
SC985091	(0)	0.001	0.999	9
SC985092	(0)	0.002	0.998	9
SC985093	(0)	0.001	0.999	9
SC985095	(0)	0.130	0.870	9
SC985096	(0)	0.003	0.997	9
SC985097	(0)	0.001	0.999	9
SC985098	(0)	0.001	0.999	9
SC985099	(0)	0.002	0.998	9
SC985100	(0)	0.005	0.995	9
SC985101	(0)	0.023	0.977	9
SC985102	(0)	0.002	0.998	9
SC985103	(0)	0.001	0.999	9
SC985105	(0)	0.039	0.961	9
SC985107	(0)	0.001	0.999	9
SC995108	(0)	0.024	0.976	9
SC995109	(0)	0.005	0.995	9
SC995110	(0)	0.003	0.997	9
SC995111	(0)	0.003	0.997	9
SC995112	(0)	0.001	0.999	9
SC995114	(0)	0.001	0.999	9
SC995115	(0)	0.002	0.998	9
SC995116	(0)	0.002	0.998	9
SC995117	(0)	0.001	0.999	9
SC995118	(0)	0.002	0.998	9
SC995119	(0)	0.006	0.994	9
SC995120	(0)	0.002	0.998	9
SC995121	(0)	0.001	0.999	9
SC995123	(0)	0.002	0.998	9
SC995126	(0)	0.001	0.999	9
NP025001	(0)	0.998	0.002	10
NP025002	(0)	0.989	0.011	10
NP025003	(0)	0.994	0.006	10
NP025004	(0)	0.992	0.008	10
NP025005	(0)	0.996	0.004	10
NP025006	(0)	0.996	0.004	10
NP025007	(0)	0.997	0.003	10
NP025008	(0)	0.993	0.007	10
NP025009	(0)	0.997	0.003	10
NP025010	(0)	0.995	0.005	10
NP025011	(0)	0.979	0.021	10
NP025012	(0)	0.995	0.005	10
NP025013	(0)	0.985	0.015	10
NP025014	(0)	0.991	0.009	10
NP961862	(5)	0.992	0.008	10
NP965791	(0)	0.979	0.021	10
NP965819	(0)	0.964	0.036	10
NP965820	(0)	0.996	0.004	10
NP965821	(0)	0.995	0.005	10
NP965824	(5)	0.879	0.121	10
NP966224	(11)	0.995	0.005	10
NP966248	(0)	0.994	0.006	10
NP966249	(0)	0.922	0.078	10
NP966253	(11)	0.977	0.023	10
NP966254	(0)	0.968	0.032	10
SC005129	(0)	0.016	0.984	10
SC005133	(0)	0.003	0.997	10
SC005134	(11)	0.231	0.769	10
SC005137	(0)	0.005	0.995	10
SC005138	(0)	0.009	0.991	10
SC005139	(0)	0.002	0.998	10
SC005141	(0)	0.001	0.999	10
SC005142	(0)	0.004	0.996	10
SC005143	(0)	0.001	0.999	10
SC005144	(0)	0.044	0.956	10
SC005145	(0)	0.002	0.998	10
SC005146	(0)	0.002	0.998	10
SC005149	(0)	0.002	0.998	10
SC005150	(0)	0.375	0.625	10
SC005151	(0)	0.001	0.999	10
SC005152	(0)	0.002	0.998	10
SC005156	(0)	0.001	0.999	10
SC005159	(0)	0.001	0.999	10
SC005161	(0)	0.001	0.999	10
SC005167	(0)	0.001	0.999	10
SC005173	(0)	0.001	0.999	10
SC015174	(0)	0.002	0.998	10
SC015175	(0)	0.834	0.166	10
SC015177	(0)	0.003	0.997	10
SC015179	(0)	0.002	0.998	10
SC015181	(0)	0.002	0.998	10
SC015191	(0)	0.002	0.998	10
SC025195	(0)	0.001	0.999	10
SC025196	(0)	0.017	0.983	10
SC030199	(0)	0.012	0.988	10
SC030200	(0)	0.002	0.998	10
SC030202	(0)	0.002	0.998	10
SC030203	(0)	0.001	0.999	10
SC030204	(0)	0.001	0.999	10
SC030207	(0)	0.002	0.998	10
SC030208	(0)	0.001	0.999	10
SC030210	(0)	0.024	0.976	10
SC040212	(0)	0.001	0.999	10
SC040214	(0)	0.002	0.998	10
SC040215	(0)	0.002	0.998	10
SC040219	(0)	0.001	0.999	10
SC040222	(0)	0.001	0.999	10
SC040223	(0)	0.001	0.999	10
SC040224	(0)	0.011	0.989	10
SC040226	(0)	0.002	0.998	10
SC040227	(0)	0.001	0.999	10
SC040228	(0)	0.002	0.998	10
SC040229	(0)	0.001	0.999	10
SC040231	(0)	0.002	0.998	10
SC040232	(0)	0.001	0.999	10
SC040233	(0)	0.002	0.998	10
SC040236	(0)	0.001	0.999	10
SC040237	(0)	0.002	0.998	10
SC040238	(0)	0.002	0.998	10
SC040239	(0)	0.012	0.988	10
SC040240	(0)	0.002	0.998	10
SC040241	(0)	0.002	0.998	10
SC040242	(0)	0.002	0.998	10
SC040247	(0)	0.001	0.999	10
SC040249	(0)	0.005	0.995	10
SC040251	(0)	0.001	0.999	10
SC040254	(0)	0.005	0.995	10
SC040255	(0)	0.021	0.979	10
SC040256	(0)	0.002	0.998	10
SC040258	(0)	0.009	0.991	10
SC040259	(0)	0.001	0.999	10
SC040262	(0)	0.002	0.998	10
SC040263	(0)	0.001	0.999	10
SC040265	(0)	0.008	0.992	10
SC040266	(0)	0.001	0.999	10
SC040267	(0)	0.001	0.999	10
SC040268	(0)	0.002	0.998	10
SC040269	(0)	0.001	0.999	10
SC040270	(0)	0.002	0.998	10
SC040271	(0)	0.001	0.999	10
SC040272	(0)	0.002	0.998	10
SC040273	(0)	0.001	0.999	10
SC040274	(0)	0.002	0.998	10
SC040275	(0)	0.212	0.788	10
SC040277	(0)	0.012	0.988	10
SC040278	(0)	0.001	0.999	10
SC040279	(0)	0.002	0.998	10
SC040281	(0)	0.003	0.997	10
SC040282	(0)	0.002	0.998	10
SC040283	(0)	0.001	0.999	10
SC040284	(0)	0.027	0.973	10
SC040285	(0)	0.002	0.998	10
SC040286	(0)	0.002	0.998	10
SC040288	(0)	0.001	0.999	10
SC040289	(0)	0.002	0.998	10
SC040292	(0)	0.001	0.999	10
SC040294	(0)	0.002	0.998	10
SC040295	(0)	0.020	0.980	10
SC040296	(0)	0.002	0.998	10
SC040297	(0)	0.002	0.998	10
SC040300	(0)	0.002	0.998	10
SC040301	(0)	0.001	0.999	10
SC040302	(0)	0.001	0.999	10
SC040303	(0)	0.002	0.998	10
SC040304	(0)	0.003	0.997	10
SC040305	(0)	0.002	0.998	10
SC040307	(0)	0.001	0.999	10
SC040308	(0)	0.001	0.999	10
SC040309	(0)	0.002	0.998	10
SC040311	(0)	0.003	0.997	10
SC040312	(0)	0.001	0.999	10
SC040313	(0)	0.002	0.998	10
SC040314	(0)	0.001	0.999	10
SC040316	(0)	0.003	0.997	10
SC040317	(0)	0.002	0.998	10
SC040318	(0)	0.002	0.998	10
SC040319	(0)	0.001	0.999	10
SC040320	(0)	0.001	0.999	10
SC040321	(0)	0.006	0.994	10
SC040322	(0)	0.004	0.996	10
SC040323	(0)	0.001	0.999	10
SC040325	(0)	0.001	0.999	10
SC040327	(0)	0.002	0.998	10
SC040330	(0)	0.002	0.998	10
SC040331	(0)	0.002	0.998	10
SC040332	(0)	0.001	0.999	10
SC040334	(0)	0.001	0.999	10
SC040337	(0)	0.002	0.998	10
SC040338	(0)	0.002	0.998	10
SC040339	(0)	0.008	0.992	10
SC040340	(0)	0.002	0.998	10
SC040341	(0)	0.001	0.999	10
SC040344	(0)	0.001	0.999	10
SC040346	(0)	0.001	0.999	10
SC040348	(0)	0.001	0.999	10
SC040352	(0)	0.001	0.999	10
SC040353	(0)	0.001	0.999	10
SC040354	(0)	0.049	0.951	10
SC040355	(0)	0.001	0.999	10
SC040356	(0)	0.028	0.972	10
SC040358	(0)	0.002	0.998	10
SC040359	(0)	0.038	0.962	10
SC040360	(0)	0.002	0.998	10
SC040361	(0)	0.001	0.999	10
SC040362	(0)	0.003	0.997	10
SC040363	(0)	0.001	0.999	10
SC040365	(0)	0.002	0.998	10
SC040366	(0)	0.002	0.998	10
SC040368	(0)	0.016	0.984	10
SC930501	(0)	0.002	0.998	10
SC930502	(0)	0.002	0.998	10
SC930507	(0)	0.001	0.999	10
SC930508	(0)	0.002	0.998	10
SC930510	(0)	0.002	0.998	10
SC930511	(0)	0.002	0.998	10
SC930513	(0)	0.004	0.996	10
SC930514	(0)	0.002	0.998	10
SC930516	(0)	0.001	0.999	10
SC930517	(0)	0.001	0.999	10
SC930518	(0)	0.001	0.999	10
SC930519	(0)	0.001	0.999	10
SC930522	(0)	0.281	0.719	10
SC930524	(0)	0.001	0.999	10
SC930525	(0)	0.002	0.998	10
SC930526	(5)	0.030	0.970	10
SC930527	(0)	0.001	0.999	10
SC940529	(0)	0.007	0.993	10
SC940530	(0)	0.001	0.999	10
SC940531	(0)	0.004	0.996	10
SC940532	(0)	0.002	0.998	10
SC940533	(0)	0.002	0.998	10
SC940535	(0)	0.003	0.997	10
SC940536	(0)	0.002	0.998	10
SC940537	(0)	0.001	0.999	10
SC940538	(0)	0.003	0.997	10
SC940539	(0)	0.002	0.998	10
SC940540	(0)	0.002	0.998	10
SC940541	(0)	0.002	0.998	10
SC940543	(0)	0.228	0.772	10
SC940544	(0)	0.002	0.998	10
SC940545	(0)	0.001	0.999	10
SC940546	(0)	0.002	0.998	10
SC940547	(0)	0.003	0.997	10
SC940548	(0)	0.012	0.988	10
SC940549	(0)	0.001	0.999	10
SC940551	(0)	0.002	0.998	10
SC940552	(0)	0.005	0.995	10
SC940553	(0)	0.002	0.998	10
SC940554	(0)	0.001	0.999	10
SC940555	(0)	0.002	0.998	10
SC940556	(0)	0.001	0.999	10
SC940558	(0)	0.002	0.998	10
SC940559	(0)	0.002	0.998	10
SC940560	(0)	0.316	0.684	10
SC940561	(0)	0.009	0.991	10
SC940564	(0)	0.001	0.999	10
SC940565	(0)	0.008	0.992	10
SC940566	(0)	0.009	0.991	10
SC940568	(0)	0.001	0.999	10
SC940570	(0)	0.002	0.998	10
SC940572	(0)	0.001	0.999	10
SC940573	(0)	0.003	0.997	10
SC940574	(0)	0.001	0.999	10
SC940577	(0)	0.004	0.996	10
SC940579	(0)	0.009	0.991	10
SC955052	(0)	0.013	0.987	10
SC955054	(5)	0.002	0.998	10
SC955055	(5)	0.002	0.998	10
SC955057	(11)	0.011	0.989	10
SC955058	(5)	0.002	0.998	10
SC955059	(0)	0.002	0.998	10
SC955060	(0)	0.001	0.999	10
SC955061	(0)	0.002	0.998	10
SC955062	(5)	0.001	0.999	10
SC955063	(5)	0.001	0.999	10
SC955064	(0)	0.002	0.998	10
SC955065	(0)	0.004	0.996	10
SC955066	(5)	0.002	0.998	10
SC955069	(16)	0.002	0.998	10
SC975071	(0)	0.002	0.998	10
SC975072	(0)	0.002	0.998	10
SC985074	(0)	0.001	0.999	10
SC985076	(0)	0.003	0.997	10
SC985077	(0)	0.001	0.999	10
SC985078	(0)	0.004	0.996	10
SC985079	(0)	0.009	0.991	10
SC985080	(0)	0.002	0.998	10
SC985081	(0)	0.002	0.998	10
SC985082	(0)	0.003	0.997	10
SC985083	(0)	0.002	0.998	10
SC985084	(0)	0.004	0.996	10
SC985085	(0)	0.002	0.998	10
SC985086	(0)	0.001	0.999	10
SC985088	(0)	0.005	0.995	10
SC985089	(0)	0.229	0.771	10
SC985091	(0)	0.001	0.999	10
SC985092	(0)	0.002	0.998	10
SC985093	(0)	0.001	0.999	10
SC985095	(0)	0.139	0.861	10
SC985096	(0)	0.003	0.997	10
SC985097	(0)	0.001	0.999	10
SC985098	(0)	0.001	0.999	10
SC985099	(0)	0.002	0.998	10
SC985100	(0)	0.006	0.994	10
SC985101	(0)	0.026	0.974	10
SC985102	(0)	0.002	0.998	10
SC985103	(0)	0.001	0.999	10
SC985105	(0)	0.042	0.958	10
SC985107	(0)	0.001	0.999	10
SC995108	(0)	0.024	0.976	10
SC995109	(0)	0.004	0.996	10
SC995110	(0)	0.002	0.998	10
SC995111	(0)	0.003	0.997	10
SC995112	(0)	0.002	0.998	10
SC995114	(0)	0.001	0.999	10
SC995115	(0)	0.002	0.998	10
SC995116	(0)	0.002	0.998	10
SC995117	(0)	0.001	0.999	10
SC995118	(0)	0.003	0.997	10
SC995119	(0)	0.007	0.993	10
SC995120	(0)	0.002	0.998	10
SC995121	(0)	0.001	0.999	10
SC995123	(0)	0.002	0.998	10
SC995126	(0)	0.001	0.999	10
